producto_id;fecha_envio_limite;nombre_categoria_producto;longitud_nombre_producto;longitud_descripcion_producto;cantidad_fotos_producto;longitud_cm_producto;altura_cm_producto;ancho_cm_producto;volumen_cm3_producto
PA53;9-may-18;Electrodomésticos;19;28;29;48;17;11;8976
PD80;18-oct-17;Celulares;18;29;16;26;6;16;2496
PB61;10-sep-17;Ropa_de_adultos;13;30;29;17;26;24;10608
PS63;1/11/2018;Carnicería;33;26;13;47;16;43;32336
PA71;17/11/2017;Electrodomésticos;27;3;13;20;26;28;14560
PS40;6-nov-01;Carnicería;36;2;2;22;5;20;2200
PB76;20/09/2017;Ropa de adultos;9;16;2;6;5;16;0
PB14;10/25/2017;Ropa de adultos;15;15;38;51;32;20;0
PS10;02/14/2018;;6;5;0;50;12;21;12600
PS92;01-14-2018;C4rnicerí4;25;18;0;34;27;8;7344
PA73;3/10/1901 11:00;Electrodomésticos;8;19;15;29;8;12;2784
PD62;13/10/2017 14:21;Celulares;39;36;38;1;18;15;270
PK73;24/03/2018 9:44;Deportes;16;36;34;47;1;15;705
PD49;10/02/2018 4:07;;0;37;29;36;4;30;4320
PS72;15/03/2018 10:42;Carnicería;24;22;35;17;16;45;0
PA27;2/11/2017 7:10;Electrodomésticos;16;26;26;30;23;19;0
PA17;18/08/1901 14:28;Electrodomésticos;28;15;24;21;17;29;10353
PB70;22/09/2017 5:08;Ropa de adultos;38;12;26;41;16;25;0
PS52;11/08/2017 19:45;;10;30;20;48;24;29;33408
PD29;19/09/1901 11:04;Celulares;6;23;24;36;36;23;29808
PA80;7/08/2017 6:16;Electrodomésticos;32;29;19;27;7;17;3213
PR15;12/03/2018 8:19;Frutas y verduras;27;0;10;32;27;9;7776
PS46;5/12/2017 21:47;Carnicería;2;27;2;35;25;18;-15750
PS80;2/11/2017 19:29;Carnicería;26;3;-12;15;18;29;7830
PR11;28/08/2017 4:42;Frutas y verduras;14;4;12;37;18;24;15984
PB29;21/06/2018 6:20;Ropa de adultos;34;37;21;14;15;26;5460
PK49;13/10/1901 19:12;Deportes;35;19;20;13;25;25;0
PB55;20/12/1901 12:58;Ropa de adultos;23;30;0;15;22;23;7590
PK23;28/03/2018 18:12;Deportes;31;5;5;63;47;10;29610
PD18;29/10/2017 23:02;Celulares;7;32;38;10;46;29;0
PS47;16/12/2017 14:32;Carnicería;26;30;5;25;37;34;31450
PR52;30/01/2018 6:13;Frutas y verduras;16;34;9;32;2;16;1024
PR54;2/02/2018 21:25;Frutas y verduras;3;1;18;35;30;16;16800
PS32;31/08/2017 1:56;C4rnicerí4;22;22;31;37;28;20;20720
PR59;5/11/2017 3:03;Frutas y verduras;16;2;10;22;36;24;-19008
PS24;13/04/2018 3:37;Carnicería;32;2;18;51;26;4;5304
PR86;15/08/2017 6:11;Frutas y verduras;1;2;10;2;18;14;504
PS80;1/06/2018 11:39;Carnicería;8;29;31;5;18;11;990
PS13;11/08/2017 20:10;Carnicería;31;25;20;24;10;31;7440
PA38;11/01/2018 1:00;Electrodomésticos;11;26;31;42;19;14;-11172
PD96;22/11/2017 9:54;Celulares;27;24;28;26;3;16;1248
PK90;9/10/2017 14:33;Deportes;30;23;33;35;25;35;-30625
PB87;3/02/2018 10:33;Ropa_de_adultos;19;27;-10;22;38;26;21736
PK93;14/12/2017 8:47;Deportes;2;32;0;40;4;35;5600
PK64;15/11/2017 3:03;;7;13;16;12;6;30;2160
PA12;1/10/1901 5:20;Electrodomésticos;34;26;-32;43;24;23;23736
PB63;10/08/2017 11:33;Ropa de adultos;16;12;31;73;4;33;9636
PK24;4/12/2017 20:33;Deportes;11;9;-20;31;46;21;29946
PR47;28/01/2257 17:52;;24;4;32;43;11;41;-19393
PR86;16/09/2017 18:41;Frutas y verduras;9;29;19;48;3;19;2736
PB56;13/02/2018 2:53;Ropa de adultos;1;32;24;15;13;55;10725
PD44;30/01/2018 5:17;Celulares;14;21;3;25;36;34;30600
PK80;20/04/2018 0:52;Deportes;11;7;23;26;4;19;1976
PD23;15/02/2018 11:23;Celulares;19;19;39;19;14;27;7182
PR42;7/03/2018 23:29;Frutas y verduras;39;3;2;16;15;37;8880
PD63;16/06/2018 5:19;Celulares;37;22;9;31;16;29;14384
PD84;16/10/2017 23:51;Celulares;35;28;3;7;11;21;0
PK83;24/11/2017 15:51;Deportes;22;0;32;36;18;33;0
PS54;24/07/2017 0:06;Carnicería;4;20;13;33;18;22;0
PS61;17/03/2018 16:34;Carnicería;36;1;10;37;26;23;22126
PD70;17/05/2018 15:18;Celulares;31;33;13;48;15;24;17280
PB90;23/11/2017 21:35;Ropa de adultos;12;31;40;46;10;31;14260
PB17;31/08/2017 5:48;Ropa de adultos;28;14;40;15;13;19;3705
PA77;17/09/2017 11:06;Electrodomésticos;24;34;16;50;31;19;29450
PS65;18/04/2018 8:55;Carnicería;16;0;18;38;3;17;1938
PA63;24/07/2017 19:32;Electrodomésticos;11;21;22;18;18;10;3240
PR48;10/09/2017 2:57;Frutas y verduras;7;14;-27;38;12;5;2280
PS37;10/09/2017 19:22;Carnicería;38;28;25;4;20;1;0
PK10;6/03/2018 0:58;Deportes;24;33;29;16;24;21;8064
PA25;28/11/2017 10:01;Electrodomésticos;27;3;6;20;12;30;7200
PB32;18/11/2017 7:38;Ropa de adultos;37;19;35;18;34;19;11628
PS72;16/05/2018 7:42;Carnicería;29;12;11;29;29;11;9251
PD82;2/09/2017 13:21;;6;20;13;55;41;35;78925
PR21;6/05/2018 11:30;Frutas y verduras;6;20;29;24;23;27;14904
PA26;9/11/2017 5:29;Electrodomésticos;31;12;21;27;6;32;5184
PA82;23/01/2018 17:08;;12;12;35;31;12;39;0
PA13;20/10/2017 9:28;;27;39;6;32;9;31;0
PA48;18/09/2017 21:53;Electrodomésticos;9;10;32;1;0;17;0
PS63;4/05/2018 7:24;Carnicería;36;0;35;49;6;18;5292
PD93;11/02/2018 17:05;Celul4res;0;13;19;44;6;13;3432
PB51;8/04/2018 22:04;Ropa de adultos;32;26;12;68;27;10;18360
PD76;12/01/2018 19:50;Celulares;10;6;22;50;5;24;6000
PD58;17/08/2017 22:54;Celulares;37;20;3;21;1;31;651
PS35;11/10/2017 6:15;;39;34;28;25;36;29;0
PK42;14/09/2017 5:19;Deportes;11;34;40;19;23;37;-16169
PK27;20/04/2257 13:15;;3;20;37;32;36;15;17280
PR98;6/03/2257 11:40;Frutas y verduras;39;6;0;19;27;16;8208
PD99;18/03/2257 2:16;Celulares;11;33;22;34;17;41;23698
PA44;5/04/2018 5:53;Electrodomésticos;4;21;10;35;32;23;0
PK15;8/08/2017 23:39;Deportes;34;24;10;20;10;13;2600
PR55;9/06/2018 6:04;Frutas y verduras;32;18;15;10;20;27;5400
PS31;3/08/1901 15:24;Carnicería;16;37;20;3;27;13;1053
PA85;25/10/1901 2:21;Electrodomésticos;1;23;-16;5;16;2;0
PK27;12/08/2017 17:09;;12;33;5;54;17;26;-23868
PS18;21/01/2257 7:10;Carnicería;23;36;11;11;13;15;2145
PB40;25/09/2017 21:18;Ropa_de_adultos;15;29;32;5;27;25;3375
PK40;28/08/1901 11:45;Deportes;28;34;-34;52;32;12;19968
PA95;28/10/2017 13:39;Electrodomésticos;13;13;1;5;16;8;640
PK30;6/01/2018 11:48;Deportes;30;35;8;47;15;24;16920
PR65;19/12/2017 14:02;Frutas y verduras;1;7;31;37;32;22;0
PB21;4/02/2257 20:14;Ropa de adultos;23;2;25;32;25;9;7200
PD68;27/09/1901 4:47;Celul4res;8;28;10;17;13;23;5083
PD87;17/03/2018 17:02;Celulares;38;30;16;28;31;26;0
PB76;9/05/2018 9:23;Ropa de adultos;32;30;0;10;11;16;1760
PA70;8/06/2018 15:11;;8;39;39;25;23;24;13800
PS40;22/05/2018 17:49;Carnicería;2;31;0;13;22;40;11440
PA65;1/05/2018 23:30;Electrodomésticos;40;37;21;21;27;20;11340
PS85;5/04/2018 16:15;Carnicería;20;11;20;21;17;23;0
PR45;8/01/2018 14:05;Frutas y verduras;1;33;35;26;29;41;0
PS29;25/06/2018 2:16;Carnicería;11;32;2;18;30;13;7020
PK82;15/08/2017 18:06;Deportes;13;19;28;17;28;18;0
PA10;17/11/2017 0:16;Electrodomésticos;34;13;0;38;25;10;0
PS71;6/09/2017 22:03;;2;18;14;36;1;26;936
PD83;1/05/2018 20:56;Celulares;35;10;21;52;28;26;37856
PK14;19/02/2018 20:20;;4;32;16;33;35;15;17325
PS57;27/11/1901 17:10;Carnicería;39;25;29;25;21;9;0
PR46;20/06/2018 3:16;Frutas y verduras;17;37;1;35;20;36;-25200
PB41;10/01/2018 2:52;Ropa de adultos;16;17;15;40;25;17;-17000
PS82;17/09/2017 6:45;Carnicería;10;7;20;13;16;48;9984
PR84;29/03/2018 8:58;Frutas y verduras;13;15;32;22;13;44;12584
PK74;22/03/2018 2:58;Deportes;4;31;12;41;8;22;-7216
PD36;14/07/2017 3:13;;27;7;-7;37;26;16;15392
PD30;2/08/2017 14:45;Celulares;17;15;27;47;3;31;0
PS70;8/02/2018 6:49;Carnicería;28;37;39;19;16;32;0
PA94;25/08/1901 18:50;Electrodomésticos;33;30;21;21;19;20;0
PA81;31/03/2018 9:26;Electrodomésticos;19;4;25;54;38;4;8208
PB70;30/11/2017 5:31;Ropa de adultos;28;32;17;36;41;31;45756
PB11;14/06/2018 21:17;Ropa de adultos;27;14;28;41;2;21;1722
PK25;16/05/2018 2:33;Deportes;23;8;13;1;21;15;315
PA40;2/01/2018 8:19;Electrodomésticos;26;37;19;1;28;29;812
PS30;6/09/2017 0:34;C4rnicerí4;38;18;23;25;24;8;4800
PD10;3/05/2018 19:06;Celulares;0;2;6;34;10;9;3060
PR88;29/11/2017 5:11;Frutas y verduras;34;20;32;54;37;21;41958
PB91;1/05/2018 3:51;Rop4_de_4dultos;33;17;3;38;20;14;10640
PR10;22/04/2018 18:41;Frutas y verduras;1;26;-25;45;10;19;8550
PA74;27/02/2257 14:19;Electrodomésticos;27;22;23;20;8;34;5440
PR89;24/08/2017 21:38;Frutas y verduras;29;22;15;25;25;39;24375
PD70;5/12/2017 18:05;;22;36;-30;16;13;43;8944
PB26;22/10/1901 20:52;Ropa de adultos;8;33;39;23;4;35;3220
PB41;28/08/1901 17:07;Ropa de adultos;2;40;18;47;26;33;40326
PK34;12/12/2017 18:13;Deportes;7;2;35;10;13;52;6760
PD32;7/11/2017 15:13;Celulares;37;24;1;18;26;28;13104
PD20;9/02/2018 13:53;Celulares;36;32;21;22;22;32;15488
PK76;23/02/2018 5:04;Deportes;37;14;40;7;8;15;840
PA79;15/03/2018 8:00;Electrodomésticos;14;37;40;33;2;30;0
PK62;19/07/2017 23:49;;39;37;24;17;9;30;4590
PD72;13/05/2257 13:35;Celulares;5;27;40;74;33;14;34188
PB14;16/06/2257 15:46;Ropa de adultos;33;7;25;40;22;25;-22000
PR43;24/12/2017 8:34;Frut4s_y_verdur4s;13;24;0;9;9;26;2106
PA74;13/02/2018 9:21;;19;2;16;35;39;42;57330
PB32;7/10/2017 4:39;Ropa de adultos;28;13;33;43;13;37;20683
PK79;24/02/2018 14:12;Deportes;5;29;15;44;25;14;15400
PD12;18/12/2017 10:52;Celulares;16;11;3;13;19;7;1729
PD73;24/05/2018 15:36;;31;22;27;17;52;32;28288
PD33;26/04/2018 21:55;Celulares;30;39;4;21;15;32;10080
PD26;10/11/2017 22:00;Celulares;14;3;16;48;12;47;27072
PR29;18/02/2018 13:30;Frutas y verduras;5;22;9;46;15;17;11730
PK27;7/01/2018 19:17;Deportes;3;6;15;15;39;37;21645
PK56;7/03/2018 12:46;Deportes;26;36;9;47;11;31;16027
PB93;8/02/2257 2:16;Ropa_de_adultos;26;31;11;25;5;16;2000
PB59;30/12/2017 23:32;Ropa de adultos;11;13;9;62;29;31;55738
PR44;13/09/2017 17:44;Frutas y verduras;21;23;15;2;44;31;2728
PA51;16/09/1901 19:48;Electrodomésticos;1;19;-13;44;33;19;27588
PD51;19/08/2017 14:47;Celulares;33;29;36;35;8;42;11760
PR29;7/01/2257 16:50;n4n;3;29;24;12;7;19;1596
PB48;30/07/2017 4:59;Ropa de adultos;15;32;-27;30;35;1;1050
PD93;14/08/2017 23:04;Celulares;12;19;27;34;8;33;8976
PD59;1/08/2017 15:58;Celulares;9;10;17;19;17;18;5814
PD91;20/12/2017 23:08;Celulares;29;17;14;30;6;22;3960
PK34;9/03/2018 8:03;Deportes;3;29;16;48;9;17;7344
PD42;24/12/1901 10:55;Celulares;2;4;30;26;12;21;6552
PR75;14/08/2017 12:03;;4;33;13;27;3;27;2187
PD34;2/12/2017 1:58;Celulares;22;33;35;45;14;11;6930
PA45;9/05/2257 0:26;Electrodomésticos;31;24;30;26;19;13;6422
PK61;12/10/2017 7:34;Deportes;37;33;37;56;11;38;23408
PK39;30/01/2018 14:37;Deportes;40;23;28;14;2;13;-364
PB41;6/01/2018 16:42;Ropa de adultos;27;35;28;44;12;12;6336
PK67;16/09/1901 7:58;Deportes;23;10;0;47;26;13;15886
PS77;30/11/2017 12:30;Carnicería;31;38;14;31;17;16;8432
PK55;19/10/1901 4:32;;0;34;21;54;16;24;0
PA36;6/10/2017 23:15;Electrodomésticos;8;13;6;17;30;29;14790
PD69;10/05/2018 16:42;Celulares;12;39;23;13;39;28;0
PR17;3/01/2018 6:13;Frutas y verduras;39;15;5;16;29;14;-6496
PD89;30/05/2018 17:00;;15;22;2;7;5;7;245
PA18;27/05/2018 4:25;Electrodomésticos;36;28;38;32;40;22;28160
PS76;13/06/2018 9:04;Carnicería;19;19;2;36;5;18;3240
PA79;4/08/2017 19:58;Electrodomésticos;12;19;9;9;1;10;90
PR78;18/06/2018 2:03;Frutas y verduras;5;2;20;54;26;41;57564
PD48;13/10/2017 13:55;Celulares;13;0;23;43;44;31;0
PK93;21/11/2017 18:12;Deportes;21;5;4;10;13;45;0
PR28;19/11/2017 11:36;Frutas y verduras;9;14;23;45;14;15;9450
PK47;11/09/2017 15:28;Deportes;25;4;0;37;7;28;7252
PK92;19/09/2017 19:22;Deportes;16;5;-12;19;22;21;8778
PK50;18/06/2018 4:53;;0;31;18;29;8;19;0
PR86;23/12/2017 15:37;Frutas_y_verduras;39;12;14;32;34;29;31552
PB35;17/02/2018 2:35;Ropa de adultos;29;15;5;25;3;18;0
PB59;16/05/2257 21:02;Ropa de adultos;32;6;6;20;18;33;-11880
PR51;22/10/2017 6:01;Frutas y verduras;13;28;26;32;31;19;18848
PK59;23/12/2017 0:55;Deportes;10;20;2;32;23;20;14720
PD18;11/01/2018 22:43;Celulares;4;10;21;36;16;14;8064
PR75;7/11/2017 0:39;Frutas y verduras;1;24;32;40;20;34;-27200
PS89;22/08/2017 2:55;Carnicería;10;2;17;27;26;21;14742
PK77;3/05/2018 18:35;;35;8;22;58;17;20;-19720
PK95;31/08/2017 16:53;Deportes;24;5;3;34;31;24;25296
PB39;5/12/2017 20:12;Ropa de adultos;36;16;13;40;15;29;17400
PR99;25/11/2017 15:31;;28;21;20;31;26;5;4030
PK24;14/04/2018 4:09;Deportes;40;15;3;49;12;34;19992
PD69;21/08/2017 5:50;Celulares;3;11;33;20;36;2;0
PR31;5/01/2018 6:16;Frutas y verduras;22;4;0;32;11;27;9504
PS30;23/03/2018 4:32;C4rnicerí4;5;8;4;12;14;47;7896
PR74;23/05/2018 22:03;Frutas y verduras;23;8;33;28;2;20;1120
PA31;23/03/2018 12:46;Electrodomésticos;27;33;30;21;13;9;2457
PD11;7/09/2017 16:01;Celulares;11;11;1;13;16;34;7072
PR46;19/11/2017 16:52;;12;16;29;17;23;5;1955
PD10;28/04/2257 6:23;Celul4res;34;30;18;42;11;25;11550
PR11;25/10/2017 1:07;Frutas y verduras;39;28;16;31;15;17;7905
PA56;9/05/2018 3:08;Electrodomésticos;27;28;35;47;10;10;4700
PB22;8/02/2018 14:27;Ropa de adultos;9;10;28;36;5;11;1980
PS64;10/10/2017 19:29;Carnicería;14;19;5;24;8;8;1536
PD39;20/04/2257 9:48;Celulares;40;9;1;21;11;37;8547
PA81;24/07/2017 14:55;Electrodomésticos;21;19;7;50;48;23;55200
PB83;16/07/2017 11:41;Ropa de adultos;14;31;38;19;32;23;13984
PK35;28/08/1901 23:30;Deportes;0;18;34;36;16;29;-16704
PK24;11/04/2018 2:55;;37;20;38;17;4;7;476
PB97;12/05/2018 21:23;Ropa de adultos;33;1;7;36;16;7;4032
PD99;29/07/2017 0:31;;11;2;39;43;11;20;9460
PB81;24/11/2017 3:19;Ropa de adultos;18;23;40;33;29;34;0
PD41;3/01/2018 17:04;Celulares;10;4;26;11;17;30;5610
PA42;19/04/2018 21:53;Electrodomésticos;1;7;15;0;32;16;0
PD16;23/10/2017 8:41;Celulares;37;22;7;45;38;34;58140
PS44;12/10/2017 8:12;Carnicería;27;17;16;26;35;15;13650
PA15;6/01/2018 4:37;Electrodomésticos;30;18;20;21;9;39;7371
PK88;24/12/2017 13:54;;0;15;28;32;3;26;2496
PB50;31/07/2017 4:12;Ropa de adultos;3;13;28;26;17;11;4862
PB31;24/02/2018 4:44;Ropa de adultos;7;4;2;38;8;11;0
PR12;11/10/2017 8:27;Frutas y verduras;19;36;32;43;21;42;37926
PA18;15/02/2018 12:57;Electrodomésticos;14;25;13;30;6;5;900
PD55;2/12/2017 20:57;Celulares;29;35;13;29;9;38;9918
PD67;10/03/2018 1:40;Celulares;14;38;19;40;25;27;27000
PS28;2/04/2018 19:12;Carnicería;39;17;0;30;4;28;3360
PB20;24/03/2018 14:42;Ropa de adultos;9;0;4;55;12;27;17820
PA34;7/05/2257 17:40;Electrodomésticos;7;1;19;27;18;24;-11664
PA80;14/06/2018 19:05;Electrodomésticos;11;22;-9;10;25;22;5500
PR58;16/03/2018 23:10;;32;4;27;43;24;38;39216
PD10;14/02/2018 12:26;Celulares;22;39;17;37;7;15;3885
PB73;22/02/2018 12:03;Ropa de adultos;38;40;28;42;19;27;21546
PR99;12/01/2018 19:00;Frutas y verduras;19;29;18;53;1;16;848
PS62;19/12/2017 0:54;Carnicería;21;39;36;47;27;12;15228
PB14;22/04/2257 11:28;Ropa_de_adultos;24;40;5;44;5;6;1320
PA72;11/12/2017 19:07;Electrodomésticos;26;25;28;9;38;22;-7524
PA98;18/02/2018 15:38;Electrodomésticos;35;21;0;39;7;18;4914
PK78;19/03/2018 14:59;;2;33;36;24;26;28;17472
PK75;11/12/2017 10:16;;30;6;15;39;14;16;8736
PD58;8/08/2017 19:48;Celulares;33;3;-24;21;15;16;0
PK29;4/04/2018 12:51;Deportes;25;19;2;37;18;14;9324
PB13;9/09/2017 8:13;Ropa de adultos;23;22;17;66;6;38;15048
PR92;9/02/2018 16:58;n4n;17;31;16;18;53;13;12402
PD85;23/09/2017 4:10;Celulares;30;21;25;54;20;46;49680
PR43;15/08/2017 11:51;Frutas y verduras;0;30;39;21;4;33;2772
PK89;28/12/2017 5:55;Deportes;28;14;3;12;23;35;9660
PK67;15/01/2018 2:13;Deportes;18;24;6;12;7;23;1932
PS71;14/04/2018 21:17;Carnicería;32;36;36;6;25;33;4950
PD15;24/01/2018 7:24;Celulares;37;7;20;20;1;21;420
PB61;21/07/2017 7:27;Ropa de adultos;9;31;28;49;12;5;0
PK98;13/04/2018 23:31;Deportes;11;20;1;52;34;22;38896
PA99;3/03/2018 0:06;Electrodomésticos;31;29;31;20;17;12;4080
PS11;2/05/2018 1:51;Carnicería;2;5;8;53;8;22;9328
PS11;30/07/2017 14:54;Carnicería;18;13;-23;44;26;46;52624
PK20;17/08/2017 8:15;Deportes;25;5;4;9;27;29;7047
PD16;6/12/1901 8:09;Celulares;25;13;13;9;28;35;8820
PA61;5/05/2018 15:45;Electrodomésticos;10;28;28;20;14;11;3080
PR94;8/01/2257 12:26;Frutas y verduras;24;2;19;21;19;14;0
PA83;1/01/2257 0:19;Electrodomésticos;19;29;7;35;1;18;630
PR42;1/04/2018 6:29;Frutas y verduras;28;21;14;46;15;22;0
PK41;16/12/2017 14:35;Deportes;12;27;11;31;26;30;24180
PB82;11/12/2017 18:59;;34;20;0;15;24;31;11160
PD41;9/12/2017 17:42;Celulares;29;21;36;25;35;8;7000
PA53;1/10/2017 10:23;Electrodomésticos;3;3;15;27;1;17;459
PS98;30/01/2018 23:45;Carnicería;8;7;36;1;23;18;414
PS60;9/01/2018 19:19;C4rnicerí4;10;39;23;7;37;26;6734
PR96;9/12/2017 20:31;Frutas y verduras;9;24;24;21;27;35;19845
PS60;5/09/2017 16:57;Carnicería;18;12;11;59;16;21;19824
PK96;15/04/2257 14:25;Deportes;40;40;10;19;42;24;19152
PS14;26/09/2017 17:27;C4rnicerí4;37;18;-21;34;4;25;3400
PD61;28/01/2018 12:51;Celulares;22;15;7;27;19;9;4617
PB43;15/07/2017 13:24;Ropa de adultos;11;19;39;43;5;31;6665
PA50;25/11/2017 2:22;Electrodomésticos;7;18;8;28;33;5;4620
PS48;20/03/2257 17:45;Carnicería;19;9;12;10;17;6;1020
PK51;2/09/1901 1:27;Deportes;30;39;17;38;4;16;2432
PA15;22/04/2018 18:43;Electrodomésticos;31;14;34;37;5;26;4810
PB63;7/01/2018 9:48;Ropa de adultos;21;10;4;17;25;9;3825
PS27;26/08/2017 12:32;Carnicería;29;35;16;53;19;30;30210
PB72;13/04/2018 0:07;;20;36;22;49;4;16;3136
PR84;11/10/2017 9:01;Frutas y verduras;8;18;-15;50;15;34;25500
PA59;24/10/2017 20:27;Electrodomésticos;14;14;20;32;3;8;768
PR52;13/12/2017 5:09;Frutas y verduras;0;31;9;11;9;27;2673
PS41;18/05/2018 3:14;Carnicería;10;12;28;53;4;30;6360
PR44;22/06/2018 19:55;Frutas y verduras;34;1;27;47;28;25;32900
PA10;30/08/2017 1:59;Electrodomésticos;8;21;28;35;1;28;980
PK20;17/01/2018 21:25;;23;19;35;15;3;2;90
PA78;15/07/2017 22:26;;18;21;18;8;37;40;11840
PD60;20/03/2018 20:15;Celulares;10;21;10;15;14;33;6930
PR89;21/10/1901 21:02;;9;16;30;15;8;13;1560
PD39;6/03/2018 2:31;Celulares;24;10;23;30;15;35;15750
PB39;11/12/2017 19:22;Ropa de adultos;16;39;30;41;27;33;36531
PS72;8/11/2017 6:43;C4rnicerí4;10;26;12;8;18;30;4320
PR77;26/12/2017 23:35;;15;40;30;11;22;21;5082
PB38;5/11/1901 2:11;;29;30;16;39;7;60;16380
PS40;12/12/2017 10:48;Carnicería;8;5;9;61;12;28;20496
PR42;12/08/2017 17:21;Frutas y verduras;28;1;33;34;7;30;7140
PB18;24/06/2257 3:09;Ropa de adultos;28;0;13;24;37;52;46176
PA84;26/04/2018 7:37;;39;25;27;51;9;28;0
PK47;27/09/2017 8:43;Deportes;3;7;21;50;12;19;-11400
PA26;30/05/2018 8:41;Electrodomésticos;40;34;27;15;33;30;14850
PR93;15/10/2017 4:21;Frutas y verduras;5;25;39;35;10;17;5950
PK82;20/03/2018 8:07;Deportes;23;2;0;26;22;22;-12584
PB87;28/04/2018 13:56;Ropa de adultos;25;37;8;35;16;22;12320
PB22;29/08/2017 9:35;;12;14;36;35;19;24;15960
PB16;13/06/2018 2:02;;29;18;35;26;8;46;0
PA21;25/10/2017 15:27;;9;17;13;17;21;29;0
PA26;8/01/2018 23:41;Electrodomésticos;30;9;27;46;2;38;3496
PB15;9/12/2017 2:45;Ropa de adultos;20;32;21;29;6;41;7134
PD45;20/02/2018 14:37;Celulares;22;33;0;6;16;19;1824
PK96;20/09/2017 6:38;Deportes;3;16;-13;25;11;58;15950
PS31;10/01/2018 23:56;Carnicería;31;19;-23;19;12;7;1596
PS16;26/08/2017 17:18;Carnicería;20;12;1;47;6;12;3384
PA53;25/09/2017 4:37;Electrodomésticos;13;35;13;32;7;37;8288
PD66;20/05/2018 0:05;Celulares;14;40;23;27;10;12;3240
PA39;25/09/1901 18:28;Electrodomésticos;3;7;19;27;16;12;5184
PS84;10/06/2018 0:13;Carnicería;35;18;39;16;52;11;9152
PK46;3/10/2017 9:39;Deportes;4;30;6;30;0;18;0
PB95;28/05/2257 1:34;Ropa de adultos;17;0;27;41;11;26;11726
PD69;5/09/2017 9:09;Celulares;7;0;29;33;26;17;0
PK90;6/09/2017 0:41;Deportes;16;2;40;43;15;2;1290
PA45;25/10/2017 12:33;Electrodomésticos;32;5;20;42;8;12;4032
PK18;11/11/2017 1:38;Deportes;28;26;3;37;24;35;-31080
PA28;22/09/1901 19:57;Electrodomésticos;12;21;1;16;8;29;3712
PA57;4/10/2017 8:31;Electrodomésticos;17;35;-35;31;22;17;11594
PR34;24/06/2018 17:18;Frutas y verduras;9;25;37;33;13;20;8580
PK32;30/01/2018 17:32;;7;11;30;50;26;17;22100
PK51;26/02/2018 23:45;Deportes;31;18;9;43;22;34;32164
PR83;31/03/2018 22:45;Frutas y verduras;19;19;23;30;25;25;18750
PK33;8/01/2018 7:20;;15;37;24;17;17;49;14161
PD96;19/04/2018 8:05;Celulares;4;26;40;34;23;33;25806
PK60;3/06/2018 14:13;Deportes;40;35;13;8;9;23;-1656
PS26;20/08/2017 22:35;Carnicería;2;3;29;59;9;28;14868
PA74;23/08/2017 10:15;Electrodomésticos;39;9;37;15;7;9;945
PD32;7/09/2017 6:51;Celulares;35;40;29;43;27;27;31347
PR63;5/06/2018 14:33;Frutas y verduras;22;20;11;38;4;5;760
PR14;4/12/1901 2:01;Frutas y verduras;16;16;25;18;17;7;2142
PR72;26/02/2018 12:55;Frutas y verduras;40;0;5;19;4;21;-1596
PR11;15/08/2017 5:06;Frutas y verduras;19;17;10;47;43;26;0
PA78;25/05/2018 2:34;Electrodomésticos;39;34;31;37;12;22;-9768
PK51;7/02/2018 16:49;Deportes;31;0;16;25;37;20;0
PD87;14/09/1901 0:00;Celulares;17;36;33;29;8;20;4640
PK49;16/09/2017 5:33;Deportes;25;22;18;34;17;9;5202
PA18;10/08/2017 10:27;Electrodomésticos;36;40;25;41;15;23;14145
PB78;24/09/2017 22:25;Ropa de adultos;2;25;20;51;18;34;31212
PS10;28/10/2017 1:31;;24;37;18;30;6;27;4860
PA25;18/11/2017 22:41;Electrodomésticos;36;34;19;12;27;23;7452
PA25;9/01/2018 14:12;Electrodomésticos;8;38;-8;44;9;11;0
PB74;28/05/2018 21:28;Ropa de adultos;39;7;-13;38;27;17;0
PR98;15/09/2017 21:33;Frutas y verduras;33;26;35;54;29;21;32886
PS42;20/07/2017 23:05;Carnicería;37;11;22;9;11;3;0
PA69;30/03/2018 14:41;Electrodomésticos;16;26;30;59;13;34;26078
PS60;13/01/2018 16:30;Carnicería;22;19;22;1;7;27;0
PB25;25/09/2017 11:34;Ropa de adultos;24;25;15;48;26;20;24960
PS70;29/08/2017 16:48;Carnicería;34;10;7;14;22;18;5544
PS23;6/02/2018 18:33;Carnicería;3;37;0;40;33;15;19800
PA93;21/08/2017 21:33;Electrodomésticos;20;19;20;17;29;23;11339
PD20;22/08/2017 1:41;Celulares;36;4;22;32;27;30;25920
PR56;10/05/2018 6:49;;34;14;35;31;44;44;60016
PR15;11/11/2017 19:05;Frutas y verduras;3;21;19;25;14;40;14000
PK88;23/08/2017 19:22;Deportes;28;10;1;50;19;21;19950
PD93;17/12/2017 11:47;Celulares;24;6;32;60;34;1;0
PB40;4/02/2018 3:16;Ropa de adultos;19;40;21;48;8;22;8448
PB92;23/04/2018 16:09;;11;17;28;35;20;34;23800
PA86;7/09/2017 13:41;Electrodomésticos;7;10;26;42;18;23;17388
PA49;31/01/2018 13:15;Electrodomésticos;35;35;19;37;16;37;21904
PK91;29/07/2017 2:13;Deportes;15;28;15;25;17;13;0
PK84;16/12/2017 9:06;Deportes;22;0;12;48;25;13;15600
PB73;10/08/2017 14:57;Ropa de adultos;24;19;14;33;17;19;10659
PS65;19/07/2017 20:19;Carnicería;26;28;23;5;7;26;910
PR74;2/09/2017 0:10;;2;29;22;50;7;42;14700
PD70;26/03/2018 0:55;Celulares;26;31;17;0;35;36;0
PS83;12/02/2018 3:32;;27;12;13;42;8;36;12096
PS63;6/06/2018 13:05;Carnicería;39;1;2;40;17;18;12240
PR76;8/10/1901 0:04;Frutas y verduras;17;37;35;46;32;20;29440
PD88;29/09/2017 11:52;Celulares;25;5;34;44;11;27;13068
PB72;20/04/2018 13:17;Ropa de adultos;15;36;33;34;7;41;9758
PB45;29/09/2017 15:30;Ropa de adultos;37;12;2;48;8;20;7680
PA81;5/02/2018 23:04;Electrodomésticos;8;36;4;32;10;24;7680
PR41;8/04/2018 9:47;Frutas y verduras;8;37;39;49;3;15;0
PK45;22/05/2018 8:01;Deportes;7;1;6;26;19;49;24206
PR84;1/02/2018 17:37;Frutas y verduras;27;10;35;6;4;27;648
PB81;17/03/2018 9:47;Ropa de adultos;5;19;13;30;21;37;23310
PA92;26/09/2017 9:47;Electrodomésticos;17;4;1;42;16;8;5376
PA38;30/09/2017 19:22;Electrodomésticos;6;14;29;21;33;4;2772
PK97;20/03/2018 21:14;Deportes;11;21;37;31;14;27;11718
PS72;6/12/2017 11:00;Carnicería;21;12;13;22;8;12;2112
PR88;19/11/2017 3:08;Frutas y verduras;5;9;15;49;36;40;70560
PD37;21/06/2018 0:47;Celulares;7;9;29;27;41;17;18819
PB56;9/11/2017 2:38;Ropa de adultos;8;38;23;36;16;31;17856
PK26;19/02/2018 18:10;Deportes;2;27;29;17;17;31;8959
PR20;8/05/2257 1:34;Frut4s_y_verdur4s;17;2;0;6;30;18;3240
PB72;10/05/2018 5:25;Ropa de adultos;16;1;8;24;7;34;5712
PA38;12/03/2018 19:12;Electrodomésticos;28;14;12;34;12;32;13056
PK20;21/03/2018 3:36;Deportes;25;37;6;60;21;32;40320
PR76;30/11/1901 4:16;;35;1;-30;57;29;25;0
PD55;21/11/1901 6:52;Celulares;24;11;16;26;7;31;-5642
PK85;4/02/2018 12:48;Deportes;11;29;15;18;23;10;4140
PD47;6/04/2018 6:50;Celulares;23;35;13;29;3;14;1218
PB19;17/09/2017 16:08;Ropa de adultos;10;12;34;22;17;13;4862
PK71;21/08/2017 12:14;Deportes;27;15;5;31;7;4;868
PK67;6/08/2017 13:38;Deportes;13;38;23;7;21;44;6468
PK20;9/12/2017 19:42;Deportes;5;19;32;58;18;31;32364
PB68;5/04/2018 9:34;;14;24;25;47;17;16;12784
PS14;29/12/2017 3:39;Carnicería;21;29;16;3;6;62;1116
PS13;24/12/2017 4:03;Carnicería;6;18;6;37;16;28;16576
PS94;3/01/2018 13:33;Carnicería;1;8;12;7;1;21;147
PS14;28/08/2017 4:40;Carnicería;10;34;21;51;21;32;34272
PK30;3/10/2017 14:50;Deportes;25;24;-12;39;18;48;33696
PB23;26/02/2018 3:14;Ropa de adultos;0;22;0;42;15;26;-16380
PB62;13/05/2018 10:41;Ropa de adultos;12;2;17;23;39;23;20631
PS74;25/08/2017 15:12;Carnicería;29;37;23;24;29;37;25752
PR80;15/07/2017 4:21;Frutas y verduras;32;34;8;27;13;44;15444
PR16;18/08/1901 13:45;Frutas y verduras;34;32;18;10;19;24;4560
PD18;25/06/2257 7:37;Celulares;27;26;15;10;17;3;510
PK95;27/05/2018 1:54;Deportes;24;11;7;34;24;19;-15504
PK73;20/10/2017 3:24;;40;28;40;34;12;27;11016
PR20;24/01/2018 4:09;Frutas_y_verduras;26;17;37;13;32;49;20384
PD43;27/11/2017 15:09;Celulares;12;9;17;33;29;40;38280
PR10;12/03/2018 11:19;Frutas y verduras;10;11;-38;49;32;19;-29792
PA75;19/12/2017 3:20;Electrodomésticos;18;7;14;22;28;13;8008
PB83;11/08/2017 17:24;Ropa de adultos;40;35;34;16;9;17;2448
PK92;21/04/2018 3:52;Deportes;39;22;29;38;19;21;15162
PB61;4/11/2017 9:14;Ropa de adultos;35;9;-19;9;57;43;22059
PD21;13/06/2018 20:11;Celulares;10;39;37;33;36;31;36828
PK61;18/10/2017 15:07;Deportes;8;8;25;23;18;39;16146
PB92;21/07/2017 7:14;Ropa de adultos;10;28;9;37;11;32;0
PB37;14/03/2257 9:27;Ropa de adultos;37;3;2;11;33;35;12705
PD60;15/08/1901 7:15;Celulares;7;29;1;6;36;35;7560
PK13;1/05/2018 10:54;Deportes;33;32;0;73;1;10;730
PR85;20/02/2018 15:59;Frutas y verduras;32;23;8;36;1;34;1224
PD32;21/01/2018 10:07;Celulares;34;27;32;11;23;42;10626
PK80;27/08/2017 9:00;Deportes;16;10;-2;15;38;21;11970
PA67;18/08/2017 12:34;Electrodomésticos;32;32;10;15;19;27;7695
PR24;22/07/2017 13:22;Frutas y verduras;10;39;18;9;9;26;-2106
PS69;17/09/2017 18:28;C4rnicerí4;30;18;40;22;6;12;1584
PK35;26/05/2018 21:13;Deportes;32;21;13;23;27;25;15525
PK84;9/02/2018 1:34;Deportes;12;18;3;15;2;38;1140
PR64;14/09/2017 6:03;Frutas y verduras;29;28;40;45;21;14;13230
PB44;21/08/2017 3:38;Ropa de adultos;38;33;34;4;17;21;1428
PA32;16/06/2018 0:45;Electrodomésticos;30;30;24;44;37;23;37444
PR84;5/12/2017 9:44;nan;3;6;15;61;11;37;24827
PD57;20/01/2018 12:38;Celulares;7;2;24;27;24;16;10368
PK50;19/07/2017 19:03;Deportes;30;22;39;22;2;38;1672
PD27;31/12/2017 6:05;Celulares;13;20;26;56;13;28;20384
PD65;1/03/2018 16:41;Celulares;31;25;3;12;6;27;1944
PB22;3/05/2018 4:42;Ropa de adultos;39;27;36;21;32;22;14784
PA39;8/01/2018 13:35;Electrodomésticos;0;4;23;14;16;22;4928
PK65;14/04/2257 17:58;Deportes;33;16;27;41;0;12;0
PA28;7/04/2018 15:22;Electrodomésticos;33;2;5;25;8;31;6200
PD68;9/11/2017 18:07;Celulares;32;30;22;26;8;19;3952
PB75;13/10/1901 1:07;Ropa de adultos;16;20;32;26;22;10;5720
PB58;6/06/2018 0:43;Ropa de adultos;23;25;17;30;7;12;-2520
PD99;29/01/2018 22:16;Celulares;9;3;8;30;3;32;2880
PS61;1/03/2018 2:40;Carnicería;11;9;30;9;8;33;2376
PS81;22/08/1901 7:39;Carnicería;1;16;9;7;3;29;609
PR76;5/01/2018 2:04;Frutas y verduras;25;13;9;23;11;3;759
PB95;10/03/2018 4:29;Ropa de adultos;34;23;31;31;3;16;1488
PK77;23/04/2018 16:43;Deportes;34;18;30;34;13;31;0
PR92;13/09/2017 19:39;Frutas y verduras;7;31;18;32;4;11;1408
PA98;13/12/1901 21:37;Electrodomésticos;19;39;20;27;14;25;9450
PK10;7/09/1901 10:54;Deportes;16;38;28;36;17;25;15300
PB52;17/07/2017 0:07;Ropa de adultos;15;12;28;20;13;18;4680
PR28;27/05/2018 3:33;;6;4;36;44;36;13;0
PA78;5/01/2018 18:05;Electrodomésticos;19;20;33;20;18;24;8640
PR78;12/08/2017 20:21;;1;2;10;18;13;23;5382
PA28;13/02/2018 5:07;Electrodomésticos;29;27;30;42;3;35;4410
PS15;18/04/2018 21:12;Carnicería;21;29;2;52;18;26;24336
PK89;2/03/2018 23:38;Deportes;40;3;-1;17;27;31;14229
PK73;20/02/2018 4:55;Deportes;3;39;0;5;27;44;5940
PA24;4/01/2018 17:58;Electrodomésticos;9;23;27;35;28;8;7840
PK41;25/10/2017 18:58;;40;24;2;38;27;23;23598
PK82;9/09/2017 0:31;Deportes;20;34;29;2;1;29;58
PA88;23/06/2018 1:30;Electrodomésticos;35;5;2;47;11;21;10857
PR45;17/03/2018 4:49;Frutas y verduras;20;19;36;2;20;25;-1000
PB33;21/03/2018 23:44;Ropa de adultos;25;14;29;16;8;4;512
PD26;31/12/2017 7:47;Celulares;13;4;6;39;28;21;22932
PD16;21/10/2017 23:20;Celulares;18;3;0;25;10;10;2500
PB58;24/09/2017 10:17;Rop4_de_4dultos;3;40;-25;27;4;22;0
PR38;24/04/2257 7:53;n4n;28;40;5;32;16;48;0
PK58;17/11/2017 17:09;Deportes;31;15;1;56;17;39;37128
PR34;19/03/2018 6:02;Frut4s_y_verdur4s;10;29;18;25;43;24;25800
PB94;18/10/2017 22:51;Ropa de adultos;23;15;-24;4;12;20;960
PR35;3/05/2018 11:57;Frutas y verduras;11;2;15;20;14;30;8400
PK12;27/10/1901 22:10;Deportes;8;26;23;10;8;22;1760
PR69;27/11/2017 19:44;Frutas y verduras;37;20;0;5;9;23;1035
PK53;19/02/2018 4:27;n4n;33;39;30;46;26;16;19136
PB48;16/12/2017 15:13;Rop4_de_4dultos;33;32;1;9;13;20;2340
PB50;23/02/2018 1:55;Ropa de adultos;17;37;3;11;27;11;3267
PS21;22/02/2018 8:13;Carnicería;3;4;30;42;20;23;19320
PB15;3/04/2018 21:24;;28;3;8;50;22;38;41800
PB70;20/12/2017 12:30;Ropa de adultos;37;4;2;34;13;36;15912
PR19;25/12/2017 21:47;Frutas y verduras;14;19;27;37;32;32;37888
PS17;3/05/2018 6:13;;38;27;13;17;42;26;0
PK68;23/03/2018 9:56;Deportes;18;28;20;33;5;14;2310
PD84;9/04/2018 10:25;Celulares;6;5;25;26;15;32;12480
PS33;27/09/2017 19:36;Carnicería;36;4;19;41;35;29;41615
PD42;14/09/1901 2:17;Celulares;15;10;17;17;16;12;3264
PD76;7/02/2018 17:43;n4n;20;12;-39;37;6;31;6882
PD53;24/11/2017 1:15;Celulares;11;31;25;52;37;31;59644
PB32;22/03/2018 19:26;Ropa de adultos;31;5;33;20;25;25;12500
PB83;17/04/2018 15:50;Ropa de adultos;7;25;39;24;2;31;1488
PK57;1/02/2018 7:41;Deportes;24;22;25;17;17;9;2601
PA10;31/05/2018 2:23;;17;21;0;26;12;26;8112
PB79;7/10/2017 23:39;Ropa de adultos;4;34;29;48;9;44;19008
PB77;2/03/2018 1:29;Ropa de adultos;25;10;40;13;1;46;598
PA69;5/01/2018 21:08;Electrodomésticos;12;9;6;41;4;14;2296
PB48;19/09/2017 10:42;Ropa de adultos;40;29;19;21;12;21;5292
PR89;4/11/2017 16:39;Frutas_y_verduras;8;24;35;22;16;21;7392
PD17;26/02/2018 6:12;Celulares;20;17;2;45;43;31;59985
PB21;7/03/2018 11:33;Ropa de adultos;10;11;22;22;15;7;-2310
PS13;6/04/2018 6:03;Carnicería;20;8;9;52;4;22;0
PK44;13/11/2017 20:52;Deportes;24;32;9;48;11;22;11616
PS27;22/12/2017 2:14;Carnicería;23;38;30;20;6;2;240
PS38;24/01/2018 10:49;Carnicería;10;39;20;52;31;25;40300
PR36;17/04/2018 14:50;Frutas y verduras;25;5;15;10;3;20;600
PR28;18/12/2017 14:43;Frut4s_y_verdur4s;4;37;21;47;21;25;24675
PK30;23/11/2017 4:45;Deportes;21;3;12;12;14;13;2184
PK73;1/10/2017 3:08;Deportes;1;11;34;28;17;33;15708
PB11;5/06/2018 22:15;Ropa de adultos;1;3;28;49;27;42;55566
PK19;21/02/2018 6:41;Deportes;35;6;33;29;17;41;20213
PB20;25/02/2018 15:46;Ropa_de_adultos;30;30;11;19;41;26;20254
PB54;30/05/2018 17:15;Ropa_de_adultos;15;23;4;63;9;14;-7938
PS98;15/12/1901 7:46;Carnicería;22;8;3;2;27;19;1026
PB36;7/01/2018 4:48;Ropa de adultos;23;16;11;37;9;19;0
PS22;20/10/2017 9:07;Carnicería;10;31;20;43;2;21;1806
PD71;12/01/2018 17:20;Celulares;19;17;16;50;10;4;2000
PB61;29/09/2017 2:23;;17;25;29;35;22;12;9240
PA13;3/11/2017 4:39;;22;20;16;45;16;14;10080
PD49;7/01/2018 1:19;Celulares;17;22;15;26;13;4;1352
PS36;3/05/2018 19:19;Carnicería;12;29;27;16;8;38;4864
PS30;29/07/2017 23:20;Carnicería;21;36;32;9;16;21;3024
PK53;6/12/2017 6:21;Deportes;9;29;5;25;38;19;18050
PB59;14/05/2257 2:25;Ropa de adultos;0;27;18;40;12;8;3840
PD75;13/10/2017 5:17;Celulares;24;34;27;54;25;27;36450
PS22;13/05/2018 19:40;Carnicería;16;27;18;12;21;12;3024
PA60;29/10/2017 15:13;Electrodomésticos;1;32;8;27;25;24;16200
PB90;12/02/2018 14:38;Ropa de adultos;16;13;21;29;16;13;0
PR89;22/07/2017 23:27;Frutas y verduras;25;1;33;42;23;36;-34776
PR21;21/01/2018 1:16;Frutas y verduras;9;4;5;18;23;24;9936
PS31;5/05/2018 19:21;Carnicería;9;37;27;29;38;37;40774
PA11;28/03/2018 16:50;Electrodomésticos;39;10;1;61;4;29;7076
PB36;3/09/2017 0:47;Ropa de adultos;29;2;35;25;40;10;10000
PS66;14/08/2017 20:26;C4rnicerí4;6;23;6;35;28;23;22540
PS15;5/06/2018 3:52;Carnicería;34;0;-25;20;3;23;1380
PK87;10/09/2017 0:45;Deportes;4;20;20;36;26;32;29952
PB76;15/03/2018 17:54;Ropa de adultos;23;40;15;23;20;16;7360
PB40;16/12/2017 10:11;Ropa de adultos;29;22;26;40;25;15;15000
PR22;4/11/2017 15:53;Frut4s_y_verdur4s;40;28;17;34;4;21;2856
PK16;30/09/1901 11:13;Deportes;14;34;4;43;13;5;2795
PR29;1/04/2018 10:16;Frutas y verduras;5;11;17;22;33;17;12342
PR40;9/12/2017 3:16;Frutas y verduras;28;40;36;25;9;14;3150
PK53;28/11/2017 8:26;Deportes;4;29;30;28;12;10;3360
PS94;28/03/2018 11:38;Carnicería;17;10;24;9;13;16;1872
PS44;21/04/2018 18:29;Carnicería;5;0;33;10;1;13;130
PB63;3/01/2018 18:20;Ropa de adultos;7;32;39;23;20;36;16560
PK47;5/12/2017 19:12;;18;37;38;34;6;28;5712
PB86;21/01/2257 20:36;;21;17;32;29;24;40;27840
PR47;2/06/2257 18:54;Frutas y verduras;9;1;4;13;28;25;9100
PA71;13/08/2017 0:07;Electrodomésticos;18;15;18;48;16;21;16128
PA38;13/08/2017 10:07;Electrodomésticos;40;37;17;40;13;36;18720
PR56;22/11/2017 5:02;Frutas y verduras;20;7;40;13;12;18;0
PD65;14/07/2017 16:10;Celulares;39;38;23;37;1;19;703
PA13;14/03/2018 0:06;Electrodomésticos;38;7;35;18;11;9;1782
PR35;31/12/2017 21:48;;18;6;30;43;29;8;9976
PA70;23/07/2017 5:39;Electrodomésticos;3;9;36;33;16;38;20064
PA65;27/10/2017 19:46;Electrodomésticos;15;9;36;40;32;6;7680
PA20;10/05/2018 14:10;Electrodomésticos;4;27;14;10;21;36;7560
PA15;18/05/2018 23:24;Electrodomésticos;12;36;31;36;26;41;38376
PD76;20/10/2017 21:05;Celulares;12;0;4;38;27;18;18468
PA69;23/05/2018 7:50;Electrodomésticos;19;29;17;42;8;17;5712
PB63;12/05/2018 9:31;Ropa de adultos;17;34;8;35;38;39;51870
PR51;31/12/2017 8:22;Frutas y verduras;33;24;38;41;26;8;8528
PA27;17/06/2018 14:13;Electrodomésticos;6;33;14;37;26;7;6734
PD62;28/07/2017 13:05;Celulares;40;12;19;8;29;23;5336
PS52;7/09/2017 12:09;Carnicería;7;28;19;41;37;16;24272
PK87;23/09/1901 23:46;Deportes;27;5;33;20;34;21;14280
PB55;8/05/2018 19:03;;6;8;28;65;28;36;65520
PS68;30/01/2018 9:53;;25;20;28;36;14;24;12096
PA65;6/04/2018 11:44;Electrodomésticos;1;7;20;6;13;17;1326
PR43;14/06/2018 20:38;Frutas y verduras;1;19;40;47;19;40;35720
PA75;20/04/2018 22:36;Electrodomésticos;36;36;26;41;13;23;12259
PB46;26/12/1901 2:44;Ropa_de_adultos;15;35;-39;46;9;35;14490
PR39;28/05/2018 11:49;;3;17;6;26;29;20;15080
PR61;16/11/1901 21:16;Frutas y verduras;0;39;5;23;2;7;322
PS52;1/12/2017 3:01;;5;27;19;20;13;39;10140
PB32;22/06/2018 20:19;Ropa de adultos;19;27;9;25;21;22;11550
PB83;23/05/2018 1:12;Ropa de adultos;25;13;34;28;6;19;3192
PA33;26/10/2017 14:33;Electrodomésticos;22;27;38;40;33;40;0
PS73;22/10/2017 3:36;Carnicería;10;19;17;2;21;25;1050
PA59;31/03/2257 13:07;Electrodomésticos;13;33;11;39;4;43;6708
PD34;25/01/2018 2:46;Celulares;27;40;5;34;24;21;17136
PA77;6/08/2017 3:41;Electrodomésticos;2;30;-6;37;3;24;2664
PD72;22/06/2018 3:20;Celulares;25;16;23;32;23;26;19136
PR17;5/11/2017 7:22;Frutas y verduras;16;24;13;34;27;8;7344
PR80;9/02/2018 2:07;Frut4s_y_verdur4s;2;18;17;41;13;22;11726
PR69;9/05/2018 2:50;Frutas y verduras;29;0;36;14;36;10;5040
PD41;30/11/2017 11:09;Celulares;12;15;9;49;22;40;43120
PD89;26/07/2017 6:56;;19;22;28;43;6;15;0
PD43;11/01/2018 5:39;Celulares;26;38;20;35;13;26;0
PD27;19/06/2018 9:53;;32;32;36;53;34;17;-30634
PA95;2/08/2017 13:24;Electrodomésticos;35;1;23;46;19;10;8740
PB99;23/10/2017 13:27;;8;36;-38;31;18;31;17298
PB58;5/06/2018 21:09;Ropa de adultos;35;34;30;27;36;16;0
PA56;17/07/2017 21:52;Electrodomésticos;31;38;23;12;12;38;5472
PB23;21/10/2017 19:55;Ropa de adultos;8;27;19;32;13;48;19968
PS16;14/06/2018 8:51;Carnicería;5;12;11;9;2;9;162
PA74;11/11/2017 17:47;Electrodomésticos;32;8;22;61;6;34;12444
PS84;20/04/2018 13:57;Carnicería;16;7;37;8;14;20;2240
PS50;24/06/2018 4:20;Carnicería;18;28;16;47;29;20;0
PS22;2/03/2018 11:13;Carnicería;5;26;6;62;14;28;0
PS75;30/08/2017 11:02;;17;27;20;44;40;13;22880
PR93;12/04/2018 9:31;Frutas y verduras;20;9;18;13;5;32;2080
PR61;13/12/2017 10:01;Frutas y verduras;16;25;6;60;25;27;40500
PS38;3/10/2017 10:17;Carnicería;16;19;22;23;4;16;1472
PR12;17/03/2018 14:36;Frutas y verduras;26;21;3;52;30;7;10920
PB83;15/12/2017 8:31;Ropa de adultos;25;22;5;54;13;28;19656
PA92;30/10/2017 22:49;Electrodomésticos;36;7;13;52;9;10;4680
PS57;3/06/2018 18:39;Carnicería;24;20;24;29;27;20;-15660
PR20;5/04/2018 17:17;Frutas y verduras;39;25;10;33;9;33;-9801
PS25;15/06/2018 2:40;Carnicería;27;23;21;56;2;30;3360
PA52;30/11/2017 8:43;Electrodomésticos;36;9;5;48;34;34;0
PA90;24/05/2018 18:03;Electrodomésticos;35;22;11;17;8;17;2312
PR32;26/12/1901 21:34;Frutas y verduras;5;11;11;25;17;26;11050
PK45;6/11/2017 19:09;Deportes;1;31;26;33;11;16;5808
PK86;24/03/2018 14:37;Deportes;10;23;1;12;23;17;4692
PS95;3/06/2018 7:12;Carnicería;7;32;35;40;5;20;4000
PD93;8/06/2018 22:09;Celulares;18;37;4;9;35;23;7245
PD42;23/05/2018 22:30;Celulares;8;19;23;57;2;39;4446
PA27;20/10/2017 13:49;Electrodomésticos;8;25;13;32;42;24;32256
PK90;25/03/2018 2:27;;2;14;16;31;23;16;11408
PS76;23/02/2257 9:03;C4rnicerí4;31;15;23;5;15;32;2400
PB27;19/06/2018 23:54;Ropa de adultos;12;34;1;15;12;11;1980
PK64;15/01/2018 13:11;Deportes;32;22;3;44;20;17;14960
PD11;16/09/2017 10:55;Celulares;31;2;8;27;23;2;1242
PS94;15/08/2017 18:34;Carnicería;26;18;2;0;16;33;0
PS26;19/06/2018 20:57;Carnicería;35;12;10;23;15;27;9315
PR70;11/03/2018 8:20;Frutas y verduras;34;33;36;18;23;32;13248
PR42;14/05/2257 20:53;Frut4s_y_verdur4s;6;7;14;25;3;37;2775
PS62;7/08/2017 16:59;Carnicería;10;5;21;30;5;27;4050
PK33;5/05/2018 2:49;Deportes;25;7;31;7;14;30;0
PK82;29/07/2017 2:45;Deportes;17;36;0;12;1;9;108
PR59;6/01/2018 8:53;Frutas y verduras;14;35;33;35;29;15;15225
PD22;4/05/2018 5:24;Celulares;17;3;37;17;15;17;4335
PR38;22/03/2018 23:35;Frutas y verduras;1;38;7;23;1;42;966
PR49;17/08/2017 22:47;Frutas y verduras;17;15;25;27;11;0;0
PB25;14/11/1901 1:26;Ropa de adultos;18;15;35;20;19;33;0
PS87;22/11/2017 17:56;Carnicería;8;15;14;20;17;27;9180
PS75;16/02/2018 23:23;Carnicería;34;5;37;14;9;26;3276
PA99;26/12/2017 15:06;;24;29;24;47;21;42;41454
PR37;6/05/2018 4:09;Frutas y verduras;15;24;10;26;14;7;2548
PS12;14/05/2018 15:26;Carnicería;10;7;23;49;33;28;45276
PB20;9/12/1901 8:45;Ropa de adultos;2;16;37;64;23;40;58880
PR26;19/07/2017 19:39;;7;16;12;42;27;10;11340
PB93;6/05/2018 12:18;;13;36;25;37;11;11;4477
PA63;10/09/2017 21:28;nan;32;39;8;51;4;25;5100
PB70;10/01/2018 19:00;Ropa de adultos;4;2;14;20;28;31;17360
PB60;13/05/2018 5:54;Ropa de adultos;5;9;22;14;29;21;8526
PK93;17/05/2018 12:46;Deportes;39;12;23;10;0;16;0
PA10;20/04/2018 2:10;Electrodomésticos;22;38;24;66;23;46;69828
PB80;19/06/2018 20:54;Ropa de adultos;29;3;22;36;19;10;6840
PK58;18/08/2017 3:52;Deportes;32;39;21;20;2;23;920
PD14;21/12/2017 4:03;Celulares;26;13;24;50;2;35;3500
PA51;23/04/2257 22:33;Electrodomésticos;8;2;-32;36;4;26;-3744
PS83;6/03/2018 14:08;;4;3;36;28;17;42;19992
PR85;7/12/1901 16:13;Frutas y verduras;38;30;38;37;4;24;3552
PR18;15/02/2018 3:14;Frutas y verduras;36;19;20;27;7;33;6237
PB72;31/01/2018 12:31;Ropa de adultos;32;35;27;39;31;3;3627
PK19;22/12/1901 13:11;Deportes;34;9;4;7;13;36;0
PR21;10/08/2017 15:56;;25;21;-4;31;20;12;7440
PA44;29/11/2017 2:47;nan;28;24;1;51;1;35;-1785
PR37;21/02/2018 8:09;Frutas y verduras;40;11;23;44;33;14;-20328
PB26;29/09/2017 14:02;Ropa de adultos;34;8;30;31;14;24;10416
PS14;24/03/2018 4:26;Carnicería;22;18;35;16;8;27;3456
PR98;18/12/2017 23:12;Frut4s_y_verdur4s;27;24;34;48;4;7;1344
PA80;30/08/2017 7:48;Electrodomésticos;17;14;18;40;13;20;10400
PK15;14/11/2017 9:10;Deportes;31;8;25;22;32;38;26752
PK43;7/02/2018 6:20;Deportes;15;7;5;43;25;20;21500
PA76;1/01/2018 23:00;Electrodomésticos;25;40;8;59;21;14;17346
PB82;8/05/2018 16:15;;19;30;26;28;37;13;13468
PB63;22/04/2257 22:37;Ropa de adultos;6;20;35;48;21;28;28224
PR74;5/01/2018 23:23;Frut4s_y_verdur4s;27;11;17;11;6;22;-1452
PR24;2/01/2018 6:39;Frutas y verduras;39;8;35;24;41;38;-37392
PR40;14/03/2257 20:39;Frutas y verduras;38;27;3;38;39;32;47424
PK86;16/03/2018 15:52;Deportes;5;39;2;51;27;38;52326
PK18;30/11/2017 15:59;Deportes;27;1;0;59;7;22;9086
PR26;30/05/2018 7:08;Frut4s_y_verdur4s;20;4;17;29;59;12;20532
PD81;8/10/2017 16:14;Celulares;34;19;-38;51;21;30;32130
PS30;18/05/2018 10:03;Carnicería;6;39;19;1;16;49;784
PK56;15/02/2018 1:38;Deportes;25;2;7;3;2;13;78
PR85;9/01/2018 20:44;Frutas y verduras;33;12;37;45;1;25;0
PK78;3/10/2017 18:16;Deportes;19;4;35;8;12;32;0
PK97;25/04/2018 16:51;Deportes;0;11;25;22;11;3;726
PB61;1/09/2017 3:19;Ropa de adultos;11;2;11;38;36;46;62928
PA52;26/11/2017 11:26;;15;11;21;12;15;3;540
PA83;28/03/2018 3:50;Electrodomésticos;38;12;4;35;18;17;10710
PK77;25/04/2018 2:23;Deportes;2;2;18;19;17;7;2261
PK29;27/11/2017 22:02;Deportes;19;14;0;40;3;26;3120
PD97;17/11/2017 20:01;Celulares;18;38;37;23;21;21;0
PR90;13/04/2018 16:03;Frutas y verduras;27;24;27;4;12;13;624
PB39;7/01/2018 21:36;Rop4_de_4dultos;7;18;27;43;48;29;59856
PD11;28/08/2017 9:02;Celulares;38;6;-6;19;10;12;2280
PR92;2/12/1901 16:24;Frutas y verduras;17;21;5;40;26;19;19760
PS84;13/04/2018 18:49;Carnicería;8;30;-27;37;4;28;0
PA31;6/03/2018 13:14;Electrodomésticos;27;11;20;9;19;16;2736
PK87;4/01/2257 5:50;Deportes;35;21;39;16;11;13;2288
PS17;10/12/2017 19:33;Carnicería;24;10;17;33;14;21;0
PB58;25/12/2017 12:11;Ropa de adultos;36;9;0;2;16;43;1376
PK15;25/02/2018 22:27;Deportes;26;21;37;48;17;30;24480
PR41;9/10/2017 19:05;Frutas y verduras;13;21;12;48;44;7;14784
PK44;8/12/2017 19:32;Deportes;38;11;19;4;30;12;1440
PK34;21/02/2018 12:14;Deportes;27;7;22;15;34;7;3570
PS45;2/09/2017 8:12;Carnicería;33;0;6;21;17;25;8925
PB30;20/12/2017 19:04;Ropa de adultos;11;17;22;7;19;29;0
PB47;18/04/2018 21:03;Ropa de adultos;37;20;32;47;13;7;4277
PS70;21/07/2017 17:51;Carnicería;22;18;21;12;30;19;6840
PK54;17/05/2018 23:05;Deportes;38;33;29;26;21;15;8190
PD13;15/01/2018 10:43;Celulares;28;6;20;0;26;26;0
PS92;2/10/2017 15:11;Carnicería;22;29;1;9;7;15;-945
PS84;10/12/2017 23:33;Carnicería;18;9;18;24;21;53;26712
PK28;7/04/2018 14:02;Deportes;38;15;-33;42;13;27;14742
PB62;6/06/2018 6:18;Ropa de adultos;20;1;8;32;5;36;5760
PK11;30/09/2017 3:20;;11;21;32;29;13;24;9048
PR84;14/03/2018 6:02;Frutas y verduras;5;8;11;22;47;39;40326
PK12;7/11/2017 21:55;Deportes;26;16;16;15;19;30;8550
PA82;7/02/2257 22:10;Electrodomésticos;19;29;13;22;9;18;3564
PR48;30/03/2018 7:18;Frutas_y_verduras;25;39;25;39;31;19;22971
PD97;16/05/2018 23:44;Celulares;13;12;4;24;29;15;10440
PR76;2/11/2017 13:56;Frutas y verduras;16;19;34;14;4;26;-1456
PD21;9/06/2018 12:19;Celulares;14;34;4;33;22;14;10164
PS97;8/08/2017 13:08;Carnicería;21;29;32;3;8;31;744
PS63;14/09/2017 20:45;Carnicería;14;14;9;28;14;25;9800
PS97;17/06/2018 8:58;Carnicería;40;27;15;11;12;29;3828
PK13;15/01/2018 14:04;Deportes;29;17;38;43;8;27;9288
PS87;9/01/2018 2:01;Carnicería;14;33;22;24;18;25;10800
PB34;16/02/2018 19:45;Ropa de adultos;17;37;28;30;14;42;17640
PR94;17/04/2018 6:48;Frutas y verduras;25;0;36;36;13;32;14976
PR65;19/03/2018 13:18;Frutas y verduras;19;33;5;13;11;27;3861
PB66;2/08/2017 20:07;Ropa_de_adultos;35;40;13;44;7;25;7700
PB22;11/12/2017 0:40;;8;6;26;43;16;21;14448
PD97;28/11/2017 16:39;Celulares;5;20;28;22;19;37;15466
PS57;30/07/2017 23:29;Carnicería;6;16;1;55;21;28;32340
PB25;9/06/2018 17:11;Ropa de adultos;9;11;24;50;17;47;39950
PD73;20/05/2018 20:15;Celulares;19;22;30;21;16;35;11760
PB80;17/01/2018 8:40;Rop4_de_4dultos;1;14;27;40;9;22;7920
PD45;11/09/2017 17:49;;9;5;25;31;15;6;0
PB52;21/06/2018 1:40;Ropa de adultos;4;1;24;23;22;32;16192
PB30;9/12/2017 1:26;Ropa de adultos;21;23;33;25;6;36;5400
PD13;13/01/2018 22:16;;16;36;11;59;12;29;-20532
PA60;24/10/2017 4:02;Electrodomésticos;25;26;30;39;10;12;4680
PB85;17/09/2017 3:38;;20;40;-35;64;5;4;1280
PA53;26/04/2018 20:57;Electrodomésticos;35;29;11;42;24;25;25200
PB95;16/11/2017 7:44;Ropa de adultos;11;16;37;6;10;36;2160
PB58;3/09/2017 1:17;Ropa de adultos;10;4;11;35;5;5;0
PB98;2/08/2017 22:11;Ropa de adultos;4;23;-38;36;25;21;18900
PA40;21/06/2018 14:22;Electrodomésticos;40;19;26;28;22;8;4928
PS45;23/07/2017 12:42;Carnicería;39;26;37;13;35;20;9100
PD74;6/11/2017 18:49;Celulares;18;37;26;31;3;30;2790
PD19;11/03/2018 2:16;Celulares;30;24;7;53;14;21;15582
PS71;20/08/2017 1:50;;40;4;24;5;18;25;2250
PA74;30/08/2017 3:52;Electrodomésticos;19;1;18;22;5;18;0
PK12;7/10/2017 18:32;Deportes;25;18;16;19;13;22;5434
PA73;17/05/2018 22:45;Electrodomésticos;8;31;17;9;2;32;576
PR30;28/08/2017 11:13;Frutas_y_verduras;6;35;35;43;34;18;26316
PB35;23/11/2017 18:49;Ropa de adultos;1;33;7;21;20;19;7980
PR70;4/01/2018 12:19;;11;1;4;43;1;26;1118
PR95;17/01/2018 1:39;Frutas_y_verduras;30;26;3;56;9;19;9576
PK69;20/09/2017 1:57;Deportes;12;33;30;56;8;23;10304
PK53;4/08/1901 22:06;Deportes;17;29;25;0;25;30;0
PR42;29/05/2018 6:03;Frutas y verduras;5;19;13;43;28;30;-36120
PA87;25/11/2017 21:08;Electrodomésticos;26;13;3;43;4;26;4472
PD37;20/12/2017 1:06;Celulares;4;39;7;27;9;20;4860
PD10;25/01/2018 8:03;Celulares;22;0;10;58;3;8;1392
PR45;29/09/2017 23:19;Frutas y verduras;16;21;18;20;13;28;7280
PA86;10/06/2018 17:43;Electrodomésticos;4;24;13;23;23;23;12167
PS68;19/05/2018 17:14;Carnicería;40;18;27;39;6;27;6318
PS24;9/05/2018 23:16;Carnicería;36;21;17;21;20;25;10500
PS16;22/07/2017 19:04;Carnicería;32;38;3;8;16;17;2176
PB32;15/12/2017 20:43;Ropa de adultos;37;25;33;22;24;17;8976
PK89;24/05/2257 8:15;Deportes;26;23;31;29;24;45;31320
PD98;8/03/2018 12:45;Celulares;4;31;14;33;22;24;17424
PA99;1/12/2017 21:04;;21;38;10;17;46;15;0
PR41;5/02/2018 18:40;Frutas y verduras;18;30;20;17;2;23;0
PB33;4/04/2018 4:21;;7;3;8;43;34;20;29240
PR87;20/03/2018 23:17;;19;40;7;25;8;17;0
PS58;10/12/2017 6:50;C4rnicerí4;4;34;9;21;11;39;0
PK43;21/11/2017 19:52;Deportes;27;5;31;23;0;22;0
PK85;6/04/2018 20:21;Deportes;33;20;27;19;4;37;2812
PD83;1/10/2017 9:25;Celulares;0;5;33;24;21;4;0
PA92;14/03/2018 10:54;Electrodomésticos;11;22;10;16;18;37;10656
PR92;15/05/2018 9:00;Frutas y verduras;30;16;5;16;8;43;5504
PA58;24/01/2018 1:41;Electrodomésticos;16;6;31;7;14;24;2352
PA52;2/01/2257 3:30;Electrodomésticos;7;8;14;58;3;8;1392
PS63;17/02/2018 20:15;;40;25;21;11;19;24;5016
PB21;25/06/2257 15:40;Ropa_de_adultos;12;27;-10;30;24;20;14400
PR76;3/06/2018 19:51;Frutas y verduras;4;32;2;35;0;19;0
PK57;7/04/2018 0:31;;20;30;12;6;23;35;4830
PR85;31/05/2018 8:00;Frut4s_y_verdur4s;15;21;25;25;16;14;5600
PA15;30/12/2017 20:41;Electrodomésticos;30;14;32;53;38;32;64448
PR92;26/08/2017 22:13;;3;22;9;25;13;11;3575
PS34;5/05/2018 0:20;Carnicería;2;17;1;35;24;33;27720
PD18;20/10/2017 7:50;Celulares;29;15;18;31;14;3;1302
PB31;30/11/2017 16:10;Ropa de adultos;16;32;29;36;30;31;0
PA16;7/05/2018 12:43;Electrodomésticos;30;19;28;3;9;10;270
PB92;17/05/2257 17:07;Ropa de adultos;2;15;9;45;4;15;2700
PK19;18/03/2257 3:18;Deportes;35;19;3;24;50;26;31200
PR37;1/04/2018 11:38;Frutas y verduras;31;34;31;3;2;22;132
PR75;14/07/2017 12:16;Frutas y verduras;4;38;39;13;19;3;741
PS31;29/12/2017 4:48;Carnicería;11;9;26;20;19;19;0
PD98;15/08/2017 3:33;Celulares;13;22;12;15;27;4;1620
PS58;4/10/2017 3:14;C4rnicerí4;14;2;38;29;5;25;3625
PB77;3/10/2017 18:17;;25;12;-10;45;21;20;18900
PK98;16/04/2018 2:26;Deportes;38;28;22;41;42;6;10332
PB43;3/12/1901 17:59;Ropa de adultos;15;26;29;44;18;31;24552
PR94;26/07/2017 2:08;Frutas y verduras;21;15;36;38;8;28;8512
PD51;17/07/2017 1:20;Celulares;36;1;27;25;3;32;2400
PR55;29/03/2018 0:45;Frutas y verduras;30;19;36;4;7;22;616
PA85;4/03/2018 13:24;Electrodomésticos;21;24;27;16;24;18;6912
PR41;14/10/2017 21:34;Frutas y verduras;37;26;6;29;5;19;0
PB51;13/08/1901 6:09;Ropa de adultos;24;23;22;41;38;10;15580
PR72;6/01/2018 7:53;Frutas y verduras;30;26;5;12;5;11;660
PR20;11/10/2017 4:20;Frutas y verduras;11;12;35;41;3;28;3444
PK23;9/10/2017 9:42;Deportes;33;32;30;15;8;34;4080
PB39;24/10/2017 12:16;Ropa de adultos;23;10;29;50;22;37;40700
PS81;29/09/2017 12:02;Carnicería;25;18;4;34;2;23;1564
PR55;2/02/2018 10:48;Frutas y verduras;2;34;0;52;20;32;33280
PA38;6/09/2017 3:21;Electrodomésticos;38;36;30;39;14;17;9282
PD54;16/06/2018 5:18;Celulares;8;40;5;9;27;42;10206
PA17;15/03/2018 11:29;Electrodomésticos;27;8;8;13;19;30;7410
PA56;11/04/2018 17:15;Electrodomésticos;3;20;17;23;5;24;2760
PA22;28/01/2018 8:41;Electrodomésticos;15;38;30;22;0;21;0
PK23;13/09/2017 20:31;Deportes;8;37;40;41;26;25;26650
PD24;26/03/2018 12:44;Celulares;38;8;21;24;22;16;8448
PR76;2/01/2018 5:07;Frutas y verduras;4;26;21;43;10;19;8170
PR40;1/06/2018 7:50;Frutas y verduras;39;2;26;46;0;11;0
PR40;27/12/2017 14:39;Frutas y verduras;23;14;20;25;27;23;15525
PR38;21/01/2018 6:16;Frutas y verduras;9;10;15;47;28;16;21056
PB40;10/03/2018 16:39;Ropa de adultos;8;25;8;42;19;26;0
PB47;31/08/2017 6:25;Ropa de adultos;22;29;8;41;8;8;2624
PA21;7/02/2257 2:17;;20;25;4;41;10;44;18040
PB88;31/01/2018 22:05;Ropa de adultos;23;20;34;15;18;13;3510
PK74;12/11/2017 5:21;Deportes;15;19;7;52;4;6;1248
PA70;26/12/2017 16:07;Electrodomésticos;36;5;4;54;24;23;0
PS44;18/04/2018 11:49;Carnicería;13;33;29;46;21;28;27048
PD86;22/08/1901 6:36;Celulares;4;10;20;26;1;34;884
PK54;12/10/2017 3:26;;18;3;21;17;13;19;4199
PK75;1/10/2017 21:42;Deportes;31;15;13;34;32;11;11968
PS65;24/09/2017 19:02;;16;19;24;34;18;38;23256
PS91;24/11/2017 7:20;Carnicería;27;23;10;42;16;36;24192
PA87;20/08/2017 20:22;Electrodomésticos;31;35;19;43;10;36;15480
PK10;27/07/2017 10:01;Deportes;1;31;28;57;28;45;71820
PS60;22/12/2017 1:03;Carnicería;0;28;7;31;17;19;10013
PR43;20/05/2018 7:12;;40;21;-4;26;44;22;25168
PB53;10/10/2017 17:58;Ropa_de_adultos;39;8;20;27;4;14;1512
PR52;1/09/2017 11:25;Frutas y verduras;1;39;14;30;23;21;14490
PD37;21/11/2017 11:45;Celulares;29;6;7;35;6;23;4830
PK16;21/02/2018 22:42;Deportes;25;11;33;21;16;30;10080
PK47;26/09/2017 14:22;Deportes;17;22;17;20;12;24;5760
PR92;25/10/2017 15:34;Frutas y verduras;27;18;7;45;4;32;5760
PA21;5/12/2017 1:39;Electrodomésticos;3;4;8;26;46;26;31096
PD87;31/12/2017 5:56;Celulares;14;0;7;58;4;14;3248
PR24;7/05/2018 2:34;Frutas y verduras;38;35;5;22;23;32;16192
PA42;21/02/2018 12:57;;23;33;7;16;14;12;2688
PB82;21/04/2018 18:49;Ropa de adultos;17;16;19;43;9;25;9675
PS22;25/03/2018 20:13;C4rnicerí4;28;8;8;15;46;16;11040
PK81;24/06/2257 1:33;;31;13;28;10;2;36;720
PD80;18/02/2018 3:32;Celulares;23;27;20;8;33;15;3960
PB63;28/09/2017 2:50;Ropa de adultos;11;23;26;52;25;24;31200
PD58;16/10/2017 23:00;;33;40;32;34;40;5;6800
PB33;23/01/2018 9:24;Ropa de adultos;20;9;13;52;25;35;45500
PS51;16/01/2018 22:49;Carnicería;23;40;2;25;13;29;9425
PS12;21/12/2017 7:15;Carnicería;8;26;7;46;17;32;25024
PD98;28/01/2018 12:21;Celulares;27;13;12;30;10;11;-3300
PA27;16/12/2017 8:09;Electrodomésticos;1;26;-24;43;16;29;19952
PB17;5/04/2018 4:57;Ropa de adultos;28;6;19;33;14;11;5082
PK65;8/03/2018 17:39;Deportes;40;10;14;12;12;22;3168
PB11;31/03/2018 18:55;Ropa de adultos;3;33;35;29;4;25;2900
PA54;26/03/2257 0:23;Electrodomésticos;2;11;6;23;33;20;15180
PS87;1/08/2017 0:51;;5;14;8;38;10;33;-12540
PD41;9/01/2018 7:37;Celulares;7;5;29;8;13;31;3224
PS32;26/03/2018 17:14;Carnicería;8;6;-36;38;32;2;0
PK98;29/12/1901 2:35;Deportes;29;25;14;54;30;14;22680
PR83;29/08/2017 1:56;Frutas y verduras;10;36;7;25;17;36;15300
PS81;9/08/2017 12:04;Carnicería;35;22;29;28;4;18;2016
PB36;16/04/2018 14:38;Ropa de adultos;23;38;33;24;8;30;5760
PS73;2/05/2018 16:02;Carnicería;16;8;6;33;9;36;10692
PD87;14/03/2018 6:56;Celulares;27;40;9;25;5;6;750
PS71;2/10/1901 11:53;Carnicería;14;40;2;32;21;18;12096
PR28;29/12/2017 5:06;Frutas y verduras;38;34;14;8;43;22;0
PA76;4/09/2017 13:56;Electrodomésticos;28;39;24;20;30;17;10200
PD49;16/06/2018 1:28;Celulares;17;15;23;13;11;10;1430
PB98;28/08/2017 4:21;Rop4_de_4dultos;24;39;10;36;23;19;15732
PK34;21/07/2017 5:09;Deportes;25;6;4;41;26;20;-21320
PS64;9/01/2018 9:54;Carnicería;27;37;27;8;4;0;0
PD21;27/05/2018 17:56;Celulares;40;33;15;30;36;43;46440
PB54;9/09/2017 19:31;Ropa de adultos;21;26;27;24;42;37;37296
PR64;30/11/2017 5:39;;16;4;20;12;20;9;2160
PD75;13/06/2018 7:21;Celulares;13;36;34;4;6;21;504
PD12;14/01/2018 2:24;Celulares;39;31;-11;26;10;23;5980
PB66;20/02/2018 1:05;Ropa de adultos;7;33;33;32;28;16;14336
PA37;28/05/2018 22:23;;34;6;38;21;3;29;1827
PA55;2/03/2018 3:09;Electrodomésticos;20;22;24;22;13;44;12584
PK25;19/12/2017 22:41;;8;9;40;30;28;10;8400
PK51;6/08/2017 10:22;Deportes;2;31;22;22;19;11;4598
PA74;30/10/2017 11:58;Electrodomésticos;16;4;24;27;29;32;0
PD37;30/11/2017 0:51;;16;14;24;16;44;13;9152
PS48;8/10/2017 0:38;C4rnicerí4;36;18;30;24;5;18;2160
PB66;17/03/2018 9:17;Ropa de adultos;3;5;16;36;15;18;0
PB64;27/01/2018 13:43;Ropa de adultos;16;11;7;20;24;21;10080
PS72;16/11/2017 21:53;;14;3;13;46;21;30;28980
PR82;27/03/2018 10:23;Frutas y verduras;4;25;4;26;20;24;12480
PD17;28/05/2018 16:37;Celulares;32;34;0;26;18;42;19656
PK29;16/04/2018 7:10;Deportes;8;3;8;6;35;40;8400
PS25;22/01/2257 23:22;n4n;8;11;36;43;21;12;10836
PB25;24/12/2017 4:49;Ropa de adultos;6;27;9;14;40;18;10080
PA49;19/09/2017 9:12;Electrodomésticos;30;26;34;49;14;14;9604
PK50;31/03/2018 16:36;Deportes;23;11;25;36;28;24;24192
PD47;28/03/2257 2:15;Celul4res;33;0;15;33;31;21;0
PR50;8/11/2017 14:58;Frutas y verduras;38;38;38;41;38;20;31160
PR44;27/07/2017 11:30;Frutas y verduras;34;32;22;30;31;17;15810
PA12;7/02/2018 20:32;Electrodomésticos;6;5;9;45;19;6;5130
PK56;22/06/2018 3:33;Deportes;24;23;0;17;15;16;4080
PD88;29/08/2017 9:58;Celulares;22;11;-3;37;29;30;32190
PA86;16/07/2017 5:56;Electrodomésticos;29;26;1;37;38;23;32338
PS49;23/06/2018 19:28;Carnicería;1;35;-4;9;39;25;8775
PR52;14/07/2017 20:09;Frutas y verduras;39;26;39;55;12;41;0
PD23;28/04/2257 14:41;Celulares;33;39;13;13;22;26;7436
PD55;2/05/2018 15:12;Celulares;1;35;-25;31;9;31;8649
PB55;15/10/2017 14:44;;15;7;3;40;5;11;-2200
PS11;2/05/2018 5:57;Carnicería;9;5;12;32;6;30;5760
PS91;15/02/2018 21:16;Carnicería;24;31;10;35;8;17;4760
PK90;25/09/2017 11:46;;39;26;8;33;8;39;10296
PB86;1/09/2017 9:12;Ropa de adultos;30;33;12;31;1;14;434
PS47;17/06/2018 2:34;Carnicería;17;36;37;55;2;10;1100
PK32;2/11/1901 15:57;;2;40;26;33;29;28;26796
PB83;27/07/2017 9:56;Ropa de adultos;27;34;16;26;28;41;-29848
PA81;20/10/2017 11:46;Electrodomésticos;6;6;21;56;12;8;5376
PR70;6/11/2017 3:51;Frut4s_y_verdur4s;33;13;18;30;10;38;11400
PD60;28/05/2018 21:33;Celulares;23;36;13;38;20;6;4560
PB86;22/08/2017 3:18;Ropa de adultos;22;15;-22;4;15;35;0
PD50;25/09/2017 0:26;Celulares;27;36;15;22;28;20;0
PS88;22/07/1901 0:35;Carnicería;6;23;37;41;31;25;31775
PB85;6/06/2018 1:04;Ropa de adultos;29;38;20;12;11;26;3432
PS21;20/02/2018 20:24;Carnicería;36;31;12;7;2;25;350
PB30;30/07/2017 18:21;Ropa_de_adultos;26;28;1;17;24;10;4080
PK70;19/07/2017 23:58;Deportes;6;34;18;32;17;36;-19584
PA68;13/05/2018 4:35;Electrodomésticos;25;34;12;17;33;34;19074
PS22;15/01/2018 2:45;Carnicería;31;3;25;15;6;16;1440
PK40;28/01/2018 4:13;Deportes;22;25;38;51;15;28;21420
PS78;21/01/2257 13:21;C4rnicerí4;19;5;11;14;23;28;9016
PA99;3/05/2257 23:59;Electrodomésticos;15;7;9;24;16;36;13824
PS91;21/04/2018 14:20;Carnicería;32;8;14;15;18;25;6750
PS48;3/02/2018 7:33;Carnicería;9;20;38;20;40;38;-30400
PR85;24/10/2017 8:10;Frutas y verduras;24;3;4;22;10;9;1980
PK22;26/09/1901 2:33;Deportes;24;19;30;15;11;23;3795
PR41;21/08/2017 13:24;Frutas y verduras;15;18;12;18;1;1;-18
PK84;9/12/2017 23:15;Deportes;2;40;40;29;1;25;0
PR44;13/09/2017 19:12;Frutas_y_verduras;16;31;8;32;22;26;-18304
PD53;27/10/2017 10:19;Celulares;28;5;17;29;30;5;4350
PB74;26/08/2017 11:29;Ropa de adultos;16;22;-21;9;15;12;0
PD39;4/04/2018 0:58;Celulares;14;33;20;31;19;22;12958
PA82;25/10/1901 1:23;Electrodomésticos;33;25;2;41;29;27;32103
PD84;13/03/2018 23:10;Celulares;8;33;23;47;3;19;2679
PD79;1/02/2018 16:50;Celulares;22;31;40;31;48;43;63984
PA97;6/11/2017 14:14;Electrodomésticos;9;6;19;46;5;3;690
PD67;16/12/2017 12:42;Celulares;30;26;-11;2;22;26;1144
PA80;10/12/2017 17:11;;17;1;11;24;26;22;13728
PK61;28/07/2017 1:43;Deportes;32;17;7;27;14;20;-7560
PS26;28/11/2017 13:57;Carnicería;3;24;28;5;35;27;4725
PS39;17/04/2018 7:29;Carnicería;26;21;25;52;25;45;58500
PA16;2/04/2018 0:54;Electrodomésticos;19;23;5;30;34;17;17340
PS27;17/06/2018 3:40;Carnicería;21;27;20;43;2;15;1290
PK33;24/08/1901 8:04;Deportes;15;8;-5;58;27;58;-90828
PD40;9/06/2018 23:33;Celulares;12;10;39;40;27;15;16200
PK74;20/09/1901 9:29;Deportes;3;40;15;70;13;22;0
PS94;20/07/1901 14:42;Carnicería;38;5;5;18;31;21;11718
PR93;1/09/2017 22:27;Frutas y verduras;40;18;0;43;9;5;0
PK51;20/12/2017 23:41;;28;35;37;29;14;14;5684
PD70;4/01/2018 15:14;;37;34;17;42;30;4;5040
PD10;19/01/2018 1:37;;29;15;23;21;17;25;8925
PD69;25/06/2018 9:08;;33;10;22;6;10;36;2160
PA12;4/10/2017 5:58;;26;19;21;35;0;21;0
PR31;14/09/2017 17:33;Frutas y verduras;7;38;4;19;32;34;0
PD71;27/10/2017 22:49;;23;22;27;33;42;22;30492
PR70;11/05/2018 14:55;Frutas y verduras;32;25;11;55;12;20;13200
PS57;27/10/2017 19:50;Carnicería;9;16;24;27;11;14;4158
PD28;2/10/2017 11:35;Celulares;27;33;1;13;26;11;3718
PA95;8/02/2018 22:09;Electrodomésticos;4;24;14;19;11;49;10241
PA92;6/11/2017 17:58;Electrodomésticos;8;34;29;29;8;18;4176
PB82;19/07/2017 11:47;Ropa de adultos;39;39;35;19;16;15;0
PK76;30/05/2018 0:34;Deportes;28;20;1;37;14;26;13468
PA73;13/05/2018 5:36;Electrodomésticos;14;30;6;55;17;6;5610
PB80;8/02/2018 6:25;Ropa de adultos;25;16;32;1;43;23;989
PS96;23/04/2018 2:32;;10;29;-27;27;3;37;2997
PA97;30/11/2017 6:18;Electrodomésticos;7;35;27;35;12;26;10920
PB48;8/06/2018 18:00;Ropa de adultos;26;31;31;9;18;48;7776
PD12;20/04/2018 13:34;Celulares;19;22;4;29;28;29;23548
PR56;13/02/2257 11:05;Frutas y verduras;8;13;36;27;17;24;0
PB46;14/01/2018 22:59;Ropa de adultos;7;23;-18;35;42;17;24990
PK28;13/12/1901 6:33;Deportes;12;4;6;38;2;29;2204
PD56;2/08/2017 11:21;Celulares;13;16;28;22;10;30;0
PA84;28/08/2017 15:53;Electrodomésticos;9;7;11;35;9;3;945
PK84;22/03/2018 16:42;Deportes;36;29;24;42;26;35;38220
PA64;16/10/1901 23:47;Electrodomésticos;34;25;3;41;22;25;22550
PA38;7/01/2018 14:19;Electrodomésticos;23;36;8;28;23;26;16744
PR70;13/02/2018 16:46;Frut4s_y_verdur4s;0;28;13;49;34;25;41650
PR72;18/07/2017 11:54;Frutas y verduras;8;30;38;32;18;31;17856
PA57;31/08/2017 14:06;Electrodomésticos;40;26;23;44;33;34;49368
PK71;18/10/2017 19:15;Deportes;30;12;1;57;18;31;31806
PR20;18/11/2017 15:50;Frutas y verduras;23;9;40;52;17;39;34476
PK36;26/08/1901 0:25;Deportes;23;32;-14;33;25;36;29700
PK13;3/11/2017 2:53;Deportes;14;18;-22;39;43;36;0
PS48;2/12/2017 22:23;Carnicería;16;35;8;73;2;32;4672
PR62;28/10/1901 1:58;Frutas y verduras;8;2;23;2;16;21;672
PA46;31/07/2017 13:03;Electrodomésticos;36;20;20;13;14;55;10010
PA45;6/10/1901 21:24;Electrodomésticos;25;29;21;27;26;30;21060
PA94;9/02/2018 17:52;Electrodomésticos;37;8;4;30;25;41;30750
PR56;27/05/2018 1:52;Frutas y verduras;31;3;27;15;6;13;1170
PD10;2/08/2017 15:49;Celulares;30;9;34;30;30;27;24300
PA50;6/09/2017 5:06;Electrodomésticos;38;15;33;36;14;23;0
PR19;12/09/2017 0:40;Frutas y verduras;27;9;16;36;20;19;13680
PA14;16/11/2017 11:51;Electrodomésticos;25;3;28;37;24;2;1776
PR69;31/01/2018 23:33;Frutas y verduras;19;11;2;22;19;21;0
PA76;12/08/2017 16:27;Electrodomésticos;40;18;24;39;39;17;25857
PA23;11/06/2018 18:43;;6;10;27;15;23;28;9660
PR93;7/03/2018 21:05;Frutas y verduras;30;19;7;31;13;26;10478
PD90;27/09/2017 9:10;Celulares;40;22;31;58;37;6;0
PS26;2/08/2017 14:07;Carnicería;29;26;39;15;10;8;1200
PS57;10/11/2017 16:54;Carnicería;40;13;17;30;13;32;12480
PK33;26/11/1901 20:20;Deportes;38;0;20;16;8;35;4480
PD96;19/10/2017 16:05;Celulares;27;1;10;16;5;47;3760
PS92;23/04/2018 12:03;Carnicería;14;29;3;5;25;21;2625
PS54;13/06/2018 4:52;Carnicería;38;40;35;15;9;10;1350
PB43;31/08/2017 20:03;Ropa_de_adultos;26;11;37;76;7;26;13832
PR58;24/03/2018 22:25;Frutas y verduras;33;0;28;24;9;47;10152
PB58;22/09/2017 3:19;Ropa de adultos;24;29;33;42;8;14;4704
PA24;7/12/2017 19:03;Electrodomésticos;19;25;33;52;32;38;63232
PS59;16/08/2017 6:46;Carnicería;23;5;14;32;38;9;10944
PR17;22/10/2017 20:34;Frut4s_y_verdur4s;38;20;34;8;11;21;1848
PS55;24/03/2018 5:14;Carnicería;5;23;6;25;49;31;37975
PD32;22/05/2018 12:48;Celulares;5;25;1;14;20;41;11480
PS42;3/09/2017 3:55;Carnicería;11;26;-3;15;26;22;8580
PA56;18/02/2018 8:02;Electrodomésticos;39;26;20;25;14;17;5950
PS73;22/08/2017 7:30;Carnicería;2;2;3;12;4;27;1296
PK98;11/12/2017 2:31;Deportes;34;38;12;30;19;14;7980
PK17;11/12/2017 8:41;Deportes;32;20;38;7;15;12;-1260
PS60;24/07/2017 15:18;Carnicería;7;22;14;21;19;10;3990
PA72;3/09/2017 10:08;Electrodomésticos;21;20;2;14;5;33;2310
PD53;26/07/2017 4:22;Celulares;17;40;1;32;23;22;16192
PD98;18/04/2018 18:59;Celulares;1;28;6;0;17;17;0
PK36;15/06/2018 16:44;Deportes;0;22;-29;36;44;31;-49104
PA66;20/08/2017 6:12;;32;15;8;55;26;12;17160
PK92;7/08/2017 0:01;Deportes;38;19;27;21;17;20;7140
PS94;10/01/2018 22:10;;32;15;22;23;7;40;6440
PA95;19/04/2018 17:06;Electrodomésticos;5;8;13;11;17;31;5797
PB77;6/03/2018 12:31;Ropa de adultos;36;34;7;50;23;27;31050
PR37;18/10/2017 5:09;;16;28;28;18;0;16;0
PS42;21/01/2018 7:09;Carnicería;14;33;20;14;38;33;17556
PS89;16/09/2017 20:40;;5;28;30;37;17;29;18241
PB34;22/07/2017 4:04;Ropa_de_adultos;25;33;21;11;10;20;2200
PR38;30/04/2018 17:36;;34;12;15;39;13;14;7098
PK65;22/06/2018 13:20;Deportes;26;22;-28;29;4;22;2552
PA13;5/06/2018 12:26;Electrodomésticos;20;26;29;21;22;18;8316
PR29;17/03/2018 13:48;Frutas y verduras;30;22;17;25;27;31;20925
PD18;15/01/2018 16:12;Celulares;29;16;24;49;11;12;6468
PD91;13/05/2018 10:42;Celulares;30;18;19;34;16;21;11424
PB88;4/03/2018 12:39;Ropa de adultos;17;7;29;30;25;28;0
PR57;21/07/2017 19:52;;24;13;20;45;16;15;10800
PS68;25/02/2018 2:55;Carnicería;6;34;17;20;14;32;8960
PK70;3/12/2017 2:08;;20;29;9;49;13;26;16562
PD17;2/04/2257 2:09;Celulares;3;11;22;18;21;27;0
PD44;24/03/2018 17:12;Celulares;22;14;12;44;5;29;6380
PK58;24/10/2017 14:36;Deportes;6;24;31;26;9;34;7956
PR93;5/03/2018 7:09;Frutas y verduras;21;26;37;6;2;23;276
PK60;20/01/2018 15:14;Deportes;19;10;40;19;15;15;0
PS86;27/07/2017 21:25;Carnicería;3;20;27;40;1;29;1160
PR76;13/08/2017 15:35;Frutas y verduras;19;9;17;59;11;3;1947
PB21;26/12/2017 9:52;Ropa de adultos;9;34;36;36;28;12;12096
PS82;14/06/2018 2:05;C4rnicerí4;23;26;8;32;27;19;0
PA88;10/06/2018 5:41;Electrodomésticos;39;15;14;20;4;34;2720
PD17;29/11/2017 18:00;Celulares;15;33;4;33;18;17;0
PD84;10/11/2017 2:43;Celulares;39;24;24;50;1;16;800
PS68;21/11/2017 11:56;Carnicería;22;35;37;30;19;28;15960
PB48;10/01/2257 15:33;Ropa de adultos;8;8;0;39;20;12;9360
PS52;23/01/2018 21:19;C4rnicerí4;11;11;24;38;32;23;27968
PD94;5/06/2018 6:19;Celulares;39;30;31;25;25;16;10000
PK66;12/08/1901 3:04;Deportes;19;4;0;36;4;5;720
PD86;17/09/2017 4:17;Celulares;15;26;1;39;35;5;6825
PD10;31/05/2018 0:05;Celulares;30;8;28;40;12;13;0
PB48;13/12/2017 12:10;Ropa_de_adultos;35;0;23;21;23;12;5796
PD92;1/05/2018 23:42;Celulares;17;35;9;1;13;2;26
PS74;30/11/2017 17:11;Carnicería;31;31;25;24;36;21;18144
PK32;4/09/2017 23:38;Deportes;31;22;9;38;7;26;0
PA12;25/11/2017 3:19;Electrodomésticos;11;6;18;50;14;30;21000
PB42;21/07/2017 11:52;Ropa de adultos;24;24;-23;45;30;37;49950
PR45;3/08/2017 0:27;Frutas y verduras;16;3;25;10;20;6;1200
PA43;29/08/2017 1:57;Electrodomésticos;34;22;10;48;44;22;46464
PR53;21/01/2018 9:43;Frutas y verduras;21;3;14;32;36;10;11520
PA62;2/12/2017 20:29;Electrodomésticos;13;20;1;35;12;20;8400
PR51;18/05/2018 10:48;Frutas y verduras;12;19;25;43;42;0;0
PD93;19/02/2018 7:20;Celulares;0;38;31;15;24;17;6120
PR79;23/08/2017 4:28;Frutas y verduras;6;2;15;28;28;19;14896
PB58;28/07/2017 23:34;Rop4_de_4dultos;11;13;37;29;8;29;0
PS90;6/05/2018 16:02;Carnicería;28;3;16;31;18;25;13950
PS43;6/04/2018 18:54;Carnicería;7;11;15;43;3;27;3483
PS63;4/06/2018 18:14;;0;17;15;28;16;30;13440
PS39;15/11/2017 14:35;Carnicería;29;21;-7;4;11;20;880
PK46;27/11/2017 15:38;Deportes;25;6;34;1;10;14;140
PA54;1/08/2017 10:57;Electrodomésticos;19;19;30;23;41;16;15088
PR16;18/09/2017 8:11;Frutas y verduras;36;34;31;12;9;10;1080
PK15;20/09/2017 15:18;Deportes;31;3;3;39;21;11;9009
PB59;28/09/2017 15:11;Ropa de adultos;12;0;12;28;13;23;8372
PS10;16/10/2017 21:23;Carnicería;40;1;2;31;31;43;41323
PS36;25/01/2018 4:55;Carnicería;31;38;39;22;13;9;2574
PS26;12/12/2017 0:27;Carnicería;4;17;16;47;1;26;1222
PR64;10/11/2017 12:40;Frutas y verduras;39;25;1;30;9;46;12420
PS62;19/01/2018 16:16;Carnicería;36;24;32;42;22;2;0
PS30;11/04/2018 19:32;Carnicería;28;11;-10;45;22;17;16830
PS82;30/01/2257 19:01;;37;9;26;35;16;56;31360
PB27;1/05/2018 21:10;Ropa_de_adultos;29;40;34;17;51;29;0
PS25;5/04/2018 1:36;Carnicería;34;9;35;59;20;18;21240
PR40;6/04/2018 4:17;Frutas y verduras;8;10;39;34;10;43;-14620
PK70;21/06/2018 3:11;Deportes;21;34;37;25;16;21;8400
PA20;29/12/2017 9:14;Electrodomésticos;8;33;31;14;3;22;924
PB66;22/07/1901 11:12;Ropa de adultos;9;15;28;35;28;9;8820
PA56;6/11/2017 15:29;Electrodomésticos;21;21;20;12;30;10;3600
PK88;8/11/2017 18:29;Deportes;34;22;27;45;27;10;0
PR89;16/06/2018 0:57;Frutas y verduras;4;0;9;17;27;37;16983
PS66;18/10/2017 9:58;Carnicería;34;8;18;15;29;29;12615
PR14;19/01/2257 22:33;Frutas y verduras;12;10;30;39;19;39;28899
PK42;2/10/1901 17:18;Deportes;9;17;8;15;27;25;10125
PA65;19/12/2017 16:55;Electrodomésticos;27;0;6;22;24;40;21120
PB13;11/06/2018 6:34;Ropa de adultos;28;6;36;40;34;18;24480
PA71;10/11/2017 3:31;Electrodomésticos;38;12;38;1;28;7;0
PS78;27/09/1901 7:53;Carnicería;17;30;-24;25;15;31;0
PS17;16/03/2018 2:45;Carnicería;6;9;21;36;15;14;7560
PR47;21/07/1901 2:43;Frutas y verduras;2;3;28;38;4;5;760
PR95;25/02/2257 21:21;Frutas y verduras;20;33;38;9;17;27;4131
PA53;6/05/2018 12:56;Electrodomésticos;19;28;29;48;17;11;8976
PD80;18/10/2017 14:12;Celulares;18;29;16;26;6;16;2496
PB61;10/09/2017 22:31;Ropa_de_adultos;13;30;29;17;26;24;10608
PS63;11/01/2018 16:45;Carnicería;33;26;13;47;16;43;32336
PA71;17/11/2017 0:11;Electrodomésticos;27;3;13;20;26;28;14560
PS40;6/11/1901 21:06;Carnicería;36;2;2;22;5;20;2200
PB76;20/09/2017 4:24;Ropa de adultos;9;16;2;6;5;16;0
PB14;25/10/2017 16:35;Ropa de adultos;15;15;38;51;32;20;0
PS10;14/02/2018 0:09;;6;5;0;50;12;21;12600
PS92;14/01/2018 21:46;C4rnicerí4;25;18;0;34;27;8;7344
